Player;FSP.1;FSW.1;SSP.1;SSW.1;ACE.1;DBF.1;WNR.1;UFE.1;BPC.1;BPW.1;NPA.1
A Barty;52;13;48;10;3;2;3;2;0;0;
A Cornet;56;28;44;12;4;6;19;19;11;6;15
A Cornet;53;19;47;18;0;4;8;20;7;4;6
A Cornet;56;44;44;21;9;10;30;44;6;1;18
A Dulgheru;79;33;21;5;1;2;10;26;6;0;9
A Dulgheru;64;51;36;19;0;10;26;42;9;5;19
A Ivanovic;62;17;48;11;2;2;16;17;9;7;7
A Ivanovic;64;39;36;12;2;4;18;21;6;4;6
A Ivanovic;55;26;45;18;3;8;41;42;13;7;20
A Ivanovic;60;41;40;18;7;5;45;51;11;6;32
A Kerber;68;47;32;12;4;6;30;50;15;7;19
A Kerber;68;34;32;14;2;3;28;27;18;7;22
A Kerber;50;16;50;14;0;1;11;6;8;5;6
A Kerber;44;17;56;14;2;3;16;9;11;5;6
A Medina Garrigues;61;32;39;11;1;2;21;29;13;4;14
A Pavlyuchenkova;55;21;45;11;4;2;4;2;5;4;
A Pavlyuchenkova;53;30;47;13;4;3;32;41;10;2;29
A Petkovic;74;25;26;3;4;5;21;40;10;1;10
A Riske;69;37;31;14;3;1;17;20;2;2;24
A Riske;70;22;30;6;1;2;12;7;9;5;3
A Riske;62;26;38;11;0;1;18;12;12;4;15
A Tatishvili;63;13;47;4;0;5;8;22;5;2;5
A Tomljanovic;55;13;45;9;0;4;14;39;9;2;15
A Wozniak;48;10;52;4;0;8;10;35;5;3;10
A. Medina Garrigues;57;18;43;7;;0;12;21;4;12;1
A.Beck;72;29;28;14;2;0;14;11;11;6;2
A.Beck;66;23;34;9;0;4;9;27;14;6;3
A.Bedene;60;34;40;16;7;3;19;30;6;0;10
A.Bogomolov Jr.;79;35;21;8;1;4;16;27;0;0;22
A.Cadantu;71;29;29;8;2;3;17;22;8;5;8
A.Cadantu;79;30;21;7;0;3;15;10;6;3;11
A.Cornet;57;36;43;21;4;4;35;30;14;4;22
A.Cornet;64;29;36;14;2;1;20;10;9;4;15
A.Cornet;56;28;44;19;2;5;24;22;8;5;20
A.Dolgopolov;59;76;41;33;15;2;56;34;9;5;53
A.Dolgopolov;64;38;36;19;7;0;38;17;10;5;42
A.Falla;57;41;43;22;1;6;28;42;9;5;30
A.Glatch;54;26;46;8;7;1;17;24;5;2;25
A.Haider-Maurer;56;43;44;18;8;6;35;29;2;2;26
A.Hlavackova;79;25;21;6;2;2;19;26;6;3;14
A.Ivanovic;67;29;33;10;6;0;17;7;5;4;3
A.Ivanovic;51;12;49;10;5;3;18;9;5;2;12
A.Keothavong;62;18;38;11;2;2;10;14;1;0;10
A.Kerber;58;21;42;13;1;0;15;4;10;5;15
A.Kuznetsov;65;34;35;15;3;3;26;22;1;1;21
A.Kuznetsov;61;39;39;11;8;1;39;18;6;0;17
A.Kuznetsov;63;56;37;21;21;3;56;32;16;4;21
A.Mannarino;63;31;37;17;6;0;34;14;13;6;31
A.Mannarino;59;69;41;35;13;3;51;24;5;2;39
A.Mannarino;65;44;35;20;16;2;40;10;12;4;28
A.Medina Garrigues;66;19;34;9;0;0;21;16;6;0;12
A.Montanes;73;59;27;14;7;8;33;28;9;2;11
A.Morita;75;41;25;8;1;4;17;21;4;1;9
A.Murray;69;72;31;23;14;3;36;27;11;5;31
A.Murray;70;60;30;24;20;1;49;15;13;5;36
A.Murray;57;39;43;20;11;2;38;16;10;5;23
A.Murray;63;44;37;20;11;1;41;14;15;4;23
A.Murray;65;44;35;16;9;0;40;14;7;5;28
A.Murray;63;55;37;16;15;4;45;16;10;5;42
A.Murray;64;48;36;16;9;2;36;21;17;7;37
A.Pavlyuchenkova;57;9;43;5;1;4;14;18;1;0;14
A.Petkovic;63;38;37;22;4;2;26;30;16;7;19
A.Petkovic;77;28;23;7;1;0;18;9;6;4;7
A.Radwanska;77;52;23;9;0;5;32;18;16;5;32
A.Radwanska;71;47;29;17;3;5;39;11;12;4;48
A.Radwanska;70;42;30;15;1;0;21;10;14;6;31
A.Radwanska;71;55;29;18;2;1;23;10;18;3;31
A.Radwanska;73;24;27;5;5;1;17;8;8;6;14
A.Radwanska;62;23;38;12;;1;14;7;9;5;14
A.Radwanska;72;26;28;6;3;0;21;13;8;5;
A.Radwanska;75;42;25;12;1;1;13;15;5;3;14
A.Ramos;58;30;42;8;7;4;29;23;6;1;16
A.Riske;72;50;28;10;2;7;39;35;9;6;64
A.Riske;60;15;40;8;1;4;12;9;1;1;9
A.Rus;56;19;44;15;;7;19;48;5;4;9
A.Schmiedlova;65;24;35;7;2;3;7;15;2;0;4
A.Seppi;60;65;40;34;9;1;44;28;12;6;32
A.Seppi;61;84;39;36;13;5;47;49;5;2;26
A.Seppi;59;47;41;18;5;4;36;20;2;0;27
A.Tatishvili;67;31;33;13;0;5;19;22;11;3;14
A.Tomljanovic;59;38;41;22;6;4;35;42;14;2;12
A.Ungur;59;43;41;25;2;5;26;21;2;2;25
Adrian Mannarino;58;52;42;37;3;3;3;3;7;11;
Adrian Mannarino;55;44;45;25;5;1;32;73;5;10;18
Adrian Mannarino;63;71;37;38;5;5;45;80;5;12;28
Adrian Mannarino;57;47;43;30;11;7;;;6;13;
Adrian Mannarino;55;68;45;41;13;3;;;2;6;28
Adrian Mannarino;65;27;35;9;1;0;;;0;1;9
Adrian Ungur;56;18;44;8;1;7;;;1;1;6
Agnieszka Radwanska;67;17;33;9;1;0;13;8;6;14;9
Agnieszka Radwanska;68;17;32;2;2;2;12;24;1;9;4
Agnieszka Radwanska;65;23;35;11;2;1;14;5;5;8;5
Agnieszka Radwanska;65;36;35;16;5;2;25;19;6;9;13
Agnieszka Radwanska;73;34;27;11;2;1;9;15;4;9;4
Agnieszka Radwanska;59;33;41;16;1;1;23;15;6;16;19
Agnieszka Radwanska;59;36;41;15;9;1;38;31;7;11;22
Agnieszka Radwanska;66;28;34;8;1;1;18;13;5;8;11
Agnieszka Radwanska;57;21;43;15;1;1;18;5;5;9;9
Agnieszka Radwanska;70;28;30;5;2;2;27;27;5;11;20
Agnieszka Radwanska;61;26;39;16;1;0;10;17;3;6;9
Ajla Tomljanovic;54;35;46;22;3;6;25;44;3;6;8
Ajla Tomljanovic;49;36;51;25;5;6;5;6;3;6;
Albano Olivetti;56;37;44;15;18;8;;;0;1;
Albert Montanes;60;23;40;9;1;4;1;4;0;0;
Albert Montanes;65;59;35;21;5;4;38;20;6;19;11
Albert Montanes;67;28;33;9;3;1;28;36;2;3;10
Albert Montanes;51;29;49;20;4;8;;;0;0;
Albert Ramos;61;32;39;10;2;3;2;3;3;7;
Albert Ramos;61;41;39;25;5;1;22;17;1;6;10
Albert Ramos;55;76;45;42;9;9;;;4;15;26
Alejandro Falla;60;50;40;23;4;2;4;2;10;28;
Alejandro Falla;60;56;40;25;1;3;26;37;2;7;24
Alejandro Falla;54;10;46;7;1;1;6;15;1;5;5
Alejandro Gonzalez;68;34;32;7;2;4;22;41;5;7;11
Aleksandr Nedovyesov;61;37;39;17;8;2;22;37;0;2;11
Alex Bogomolov Jr.;64;82;36;33;2;6;;;5;12;21
Alex Bogomolov Jr.;69;87;31;30;8;9;;;6;14;24
Alex Bogomolov Jr.;54;26;46;13;0;11;11;46;2;6;8
Alex Kuznetsov;63;33;37;13;5;3;34;49;1;6;19
Alexandr Dolgopolov;71;81;29;22;15;2;43;36;4;12;19
Alexandr Dolgopolov;58;42;42;23;7;4;37;31;5;16;12
Alexandr Dolgopolov;55;51;45;22;14;2;44;50;3;7;8
Alexandr Dolgopolov;45;34;55;27;6;4;;;6;21;
Alexandr Dolgopolov;53;35;47;19;10;4;;;2;9;
Alexandra Cadantu;58;14;42;9;1;8;13;36;1;3;5
Alexandra Cadantu;72;28;28;9;;5;21;17;3;8;5
Alison Riske;64;24;36;8;4;3;15;16;4;8;5
Alison Riske;78;27;22;6;4;2;15;8;5;10;2
Alison Riske;62;16;38;8;0;6;18;29;4;5;8
Alison Van Uytvanck;54;32;46;15;5;4;22;40;2;7;4
Alize Cornet;75;3;25;1;1;;2;0;;;1
Alize Cornet;65;24;35;9;;5;11;23;4;6;7
Alize Cornet;70;28;30;11;;3;16;19;6;9;7
Alize Cornet;59;39;41;17;1;9;5;29;6;13;2
Alize Cornet;74;24;26;10;2;1;22;18;5;10;9
Alize Cornet;65;28;35;10;3;3;28;32;6;16;7
Aljaz Bedene;52;41;48;19;13;8;;;2;9;
Aljaz Bedene;54;40;46;9;16;11;28;52;4;5;6
Aljaz Bedene;62;26;38;12;4;4;15;35;1;4;9
Alla Kudryavtseva;58;37;42;14;3;4;3;4;6;10;
Alla Kudryavtseva;63;25;37;8;4;2;23;24;1;2;11
Ana Ivanovic;60;24;40;9;3;4;14;22;8;9;4
Ana Ivanovic;54;16;46;13;2;2;16;17;6;7;0
Ana Ivanovic;58;47;42;23;6;3;46;40;4;9;16
Ana Ivanovic;53;31;47;21;1;2;33;27;4;14;10
Ana Ivanovic;56;34;44;23;1;4;34;35;5;12;12
Ana Ivanovic;54;37;46;24;3;3;27;36;4;10;6
Ana Ivanovic;55;20;45;10;;1;18;10;5;8;2
Ana Ivanovic;73;32;27;8;5;3;23;21;4;10;2
Ana Ivanovic;50;19;50;15;1;9;29;33;2;5;8
Ana Konjuh;50;13;50;9;0;5;7;25;0;1;3
Anabel Medina Garrigues;86;18;14;3;0;1;0;1;2;4;
Anastasia Pavlyuchenkova;50;33;50;22;5;5;37;40;6;10;11
Anastasia Pavlyuchenkova;54;31;46;22;3;4;36;45;7;16;13
Anastasia Pavlyuchenkova;59;29;41;17;0;7;39;49;3;5;12
Anastasia Pavlyuchenkova;67;24;33;8;5;1;5;1;4;9;
Anastasia Pavlyuchenkova;62;32;38;15;3;5;3;5;3;12;
Andrea Hlavackova;72;46;28;11;2;5;32;38;7;12;9
Andrea Petkovic;68;23;32;6;1;4;15;31;1;3;7
Andreas Beck;55;37;45;25;4;4;34;39;1;13;15
Andreas Haider-Maurer;60;45;40;17;7;5;;;0;5;
Andreas Haider-Maurer;49;58;51;43;10;12;;;4;14;
Andreas Haider-Maurer;65;50;35;20;8;3;28;32;1;4;7
Andreas Seppi;59;72;41;40;17;5;67;59;7;18;8
Andreas Seppi;57;57;43;33;12;10;47;65;6;18;9
Andreas Seppi;67;73;33;32;8;3;50;69;9;14;18
Andreas Seppi;57;67;43;41;14;2;63;40;6;18;24
Andreas Seppi;51;34;49;18;6;2;32;37;1;5;5
Andreas Seppi;59;62;41;24;12;4;;;5;10;
Andreas Seppi;52;48;48;27;5;7;;;7;13;23
Andreas Seppi;61;55;39;23;10;5;;;5;19;14
Andrej Martin;49;35;51;20;4;3;;;7;12;
Andrey Golubev;64;18;36;10;0;0;8;15;1;2;6
Andrey Kuznetsov;53;59;47;44;8;8;;;10;18;
Andrey Kuznetsov;71;48;29;11;4;4;35;31;2;10;17
Andy Murray;69;33;31;11;12;2;32;13;7;13;4
Andy Murray;59;35;41;17;5;5;25;31;8;17;7
Andy Murray;64;50;36;16;6;2;29;30;4;11;11
Andy Murray;62;59;38;25;8;3;48;47;7;14;16
Andy Murray;61;60;39;28;9;1;41;46;1;2;17
Andy Murray;67;36;33;15;3;0;;;6;8;19
Andy Murray;57;41;43;35;5;3;;;5;9;17
Andy Murray;51;37;49;25;7;2;;;4;10;8
Andy Murray;63;58;37;23;5;5;;;6;15;32
Andy Murray;63;37;37;22;5;4;;;0;0;10
Angelique Kerber;65;36;35;13;6;5;30;17;4;7;9
Angelique Kerber;59;24;41;11;3;1;22;10;4;13;3
Angelique Kerber;63;21;37;6;4;4;21;16;7;13;6
Angelique Kerber;64;35;36;10;1;4;25;35;5;6;5
Angelique Kerber;54;31;46;20;2;1;19;14;3;12;5
Angelique Kerber;62;24;38;11;1;1;13;18;6;7;5
Angelique Kerber;65;47;35;19;2;3;24;24;5;10;3
Angelique Kerber;75;44;25;13;0;2;37;31;4;13;10
Anna Karolina Schmiedlova;62;40;38;16;6;4;17;42;4;12;3
Anna Karolina Schmiedlova;70;28;30;7;0;2;10;14;2;2;5
Anna Schmiedlova;66;54;34;23;5;5;5;5;6;14;
Anna Schmiedlova;59;15;41;7;1;5;6;20;3;7;0
Anna Tatishvili;68;20;32;5;0;4;10;23;1;8;6
Anna Tatishvili;58;11;42;6;0;3;4;22;0;0;0
Annika Beck;67;18;33;8;0;0;8;10;6;11;3
Annika Beck;75;13;25;3;0;3;10;29;2;3;5
Annika Beck;83;28;17;5;1;1;19;13;5;11;5
Annika Beck;66;22;34;7;1;3;16;23;3;9;2
Arantxa Rus;52;11;48;2;;7;7;26;2;3;3
Aravane Rezai;56;27;44;12;1;7;33;32;6;13;11
Ashleigh Barty;51;14;49;11;1;4;5;18;0;0;2
Ashleigh Barty;53;32;47;23;4;2;26;29;7;18;11
Ashleigh Barty;61;6;39;4;0;;9;5;1;1;2
Ayumi Morita;62;30;38;16;6;2;20;24;4;5;1
Ayumi Morita;57;8;43;5;1;3;7;18;1;1;1
Ayumi Morita;65;17;35;9;0;1;16;31;1;6;4
B Jovanovski;60;31;40;15;2;5;21;23;9;4;7
B.Becker;59;29;41;14;5;1;26;18;5;1;28
B.Jovanovski;69;57;31;18;11;5;47;40;13;4;13
B.Jovanovski;59;24;41;15;3;1;19;17;5;1;11
B.Kavcic;58;40;42;12;7;1;16;19;9;0;5
B.Knittel;58;33;42;17;4;12;17;44;1;1;21
B.Mattek-Sands;55;29;45;10;4;1;26;26;3;2;30
B.Paire;63;51;37;18;26;3;64;21;13;6;33
B.Paire;57;49;43;23;12;2;39;27;6;3;41
B.Reynolds;68;53;32;15;8;5;25;19;0;0;21
B.Reynolds;62;68;38;38;22;1;52;32;16;3;45
B.Tomic;72;54;28;13;4;0;33;12;8;5;19
B.Tomic;81;101;19;15;19;1;60;23;7;1;34
B.Tomic;78;86;22;20;11;2;45;30;8;2;21
B.Tomic;71;82;29;22;19;2;43;31;7;1;24
B.Zahlavova Strycova;62;37;38;14;6;3;35;42;22;8;34
B.Zahlavova Strycova;64;28;36;15;6;0;20;12;1;0;30
Barbora Zahlavova Strycova;68;39;32;13;5;2;31;36;5;17;22
Barbora Zahlavova Strycova;55;13;45;9;1;2;17;30;2;8;17
Barbora Zahlavova Strycova;71;23;29;6;3;2;13;16;0;0;3
Belinda Bencic;53;25;47;15;5;5;27;44;10;20;7
Belinda Bencic;54;21;46;8;2;5;12;19;2;2;3
Benjamin Becker;53;45;47;31;12;5;38;36;3;7;6
Benjamin Becker;66;48;34;13;7;5;24;24;1;5;11
Benjamin Becker;52;38;48;27;8;5;;;8;17;
Benjamin Becker;59;33;41;19;6;4;;;1;1;6
Benoit Paire;57;54;43;22;24;6;58;25;3;12;22
Benoit Paire;50;68;50;47;32;5;78;45;7;24;28
Benoit Paire;58;30;42;10;13;3;31;59;2;7;11
Benoit Paire;46;40;54;29;6;2;39;46;2;3;21
Benoit Paire;57;34;43;20;9;3;54;35;7;16;15
Benoit Paire;43;40;57;36;6;9;36;64;4;9;10
Benoit Paire;51;72;49;40;29;11;;;6;23;36
Bernard Tomic;71;15;29;3;3;1;13;7;0;0;3
Bernard Tomic;63;38;37;17;6;3;36;34;1;11;14
Bernard Tomic;68;71;32;28;9;2;;;5;17;28
Bernard Tomic;62;47;38;23;8;2;;;6;11;18
Bethanie Mattek-Sands;71;34;29;12;2;2;38;21;6;9;13
Bethanie Mattek-Sands;54;35;46;18;3;3;32;37;7;14;5
Bethanie Mattek-Sands;54;24;46;14;0;2;32;25;5;14;17
Bethanie Mattek-Sands;57;27;43;10;4;8;18;30;2;6;7
Bethanie Mattek-Sands;56;29;44;18;0;2;27;42;2;5;13
Blaz Kavcic;63;43;37;22;10;6;41;27;6;14;6
Blaz Kavcic;62;32;38;18;6;3;14;21;1;2;4
Blaz Kavcic;63;33;37;17;1;0;25;8;7;12;11
Blaz Kavcic;63;64;37;37;7;5;46;40;3;9;19
Blaz Rola;68;57;32;13;6;8;6;8;4;9;
Blaz Rola;63;66;37;24;12;8;12;8;3;4;
Bojana Jovanovski;69;31;31;10;1;5;21;21;3;3;4
Bojana Jovanovski;68;34;32;8;3;1;33;32;3;7;2
Bojana Jovanovski;69;30;31;14;;1;32;50;6;9;7
Bojana Jovanovski;80;31;20;5;1;0;28;20;3;7;7
Bojana Jovanovski;76;43;24;11;0;1;0;1;9;13;
Bradley Klahn;58;54;42;28;10;9;10;9;0;0;
Bradley Klahn;71;72;29;26;6;1;;;3;11;30
Bradley Klahn;71;69;29;18;17;3;;;3;9;24
Brian Baker;49;32;51;28;14;10;;;7;12;12
C Garcia;64;31;36;17;7;3;20;23;2;2;10
C Giorgi;63;47;37;22;3;4;46;45;9;3;34
C Giorgi;54;18;46;11;2;7;20;35;1;1;16
C McHale;58;28;42;13;1;5;10;13;6;3;7
C McHale;64;39;36;14;2;3;22;28;10;5;9
C McHale;66;52;34;21;7;5;34;57;10;3;13
C Scheepers;55;12;45;5;0;0;11;27;4;2;18
C Suarez Navarro;78;54;22;9;2;1;45;47;19;7;21
C Suarez Navarro;79;30;21;5;0;2;13;23;11;5;9
C Suarez Navarro;78;21;22;4;1;1;9;12;12;6;10
C Suarez Navarro;82;27;18;7;0;0;6;14;6;4;2
C Vandeweghe;47;14;53;10;2;5;18;37;2;2;9
C Wozniack;62;34;38;21;2;2;13;27;11;2;10
C Wozniacki;76;22;34;6;0;1;14;11;9;6;9
C Wozniacki;69;28;31;12;2;3;11;11;14;6;1
C.Berlocq;64;42;36;18;4;2;23;13;1;0;25
C.Garcia;75;24;25;9;3;1;15;5;0;0;14
C.Garcia;64;33;36;11;4;0;22;20;4;2;16
C.Giorgi;60;21;40;14;0;2;24;18;7;4;27
C.Giorgi;53;36;47;20;0;11;21;36;14;5;22
C.Giorgi;54;23;46;19;1;4;18;17;13;2;21
C.McHale;64;26;36;11;4;3;31;20;12;3;13
C.McHale;60;24;40;13;1;0;16;14;10;4;15
C.Scheepers;52;10;48;7;0;3;16;20;10;1;19
C.Suarez Navarro;68;27;32;14;;1;23;19;10;6;24
C.Suarez Navarro;66;31;34;11;1;1;10;12;6;1;11
C.Suarez Navarro;59;30;41;16;1;2;16;13;8;5;12
C.Suarez Navarro;66;31;34;13;1;2;25;17;15;6;14
C.Vandeweghe;64;40;36;20;5;3;24;25;9;3;17
C.Witthoeft;41;6;59;7;0;4;2;10;2;1;1
C.Wozniacki;69;15;31;8;0;1;6;10;6;0;8
C.Wozniacki;72;29;28;2;3;3;12;7;8;6;9
Camila Giorgi;53;24;47;8;1;11;23;30;1;4;3
Camila Giorgi;56;31;44;20;0;12;28;73;5;12;19
Camila Giorgi;51;38;49;23;5;13;27;47;4;12;3
Carina Witthoeft;62;16;38;10;1;4;1;4;2;6;
Carla Suarez Navarro;79;31;21;4;0;1;17;19;4;5;6
Carla Suarez Navarro;73;57;27;17;0;5;19;30;6;10;14
Carla Suarez Navarro;65;12;35;4;0;0;2;23;0;1;0
Carla Suarez Navarro;72;39;28;8;3;1;21;29;5;10;7
Carla Suarez Navarro;67;32;33;14;;1;42;47;6;18;12
Carla Suarez Navarro;63;41;37;14;1;2;32;31;5;8;10
Carla Suarez Navarro;63;31;37;17;0;2;41;22;7;13;19
Carlos Berlocq;57;49;43;32;9;4;9;4;4;13;
Carlos Berlocq;73;45;27;10;3;3;27;11;1;5;11
Carlos Berlocq;64;61;36;30;5;7;;;9;22;18
Carlos Berlocq;84;36;16;2;1;2;;;1;3;7
Caroline Garcia;58;22;42;15;3;7;3;7;4;6;
Caroline Garcia;60;29;40;13;4;2;19;21;2;4;3
Caroline Garcia;53;16;47;9;2;3;14;14;0;0;3
Caroline Wozniacki;76;27;24;8;3;1;11;10;5;7;1
Caroline Wozniacki;70;29;30;10;1;3;13;18;2;3;5
Caroline Wozniacki;74;30;26;8;2;3;15;29;5;12;11
Caroline Wozniacki;67;39;33;12;2;6;17;37;5;16;9
Caroline Wozniacki;61;17;39;11;;2;15;16;6;12;11
Casey Dellacqua;66;22;34;13;0;0;10;19;4;10;1
Casey Dellacqua;73;22;27;6;1;0;15;15;6;19;7
Casey Dellacqua;58;20;42;14;1;3;14;16;5;10;3
Casey Dellacqua;61;33;39;14;0;3;11;47;1;2;5
Chanelle Scheepers;54;16;46;13;;5;9;23;3;5;1
Chanelle Scheepers;53;27;47;12;2;13;2;13;4;7;
Christina McHale;71;31;29;11;4;3;4;3;5;9;
Christina McHale;70;52;30;10;2;3;31;39;5;9;7
Christina McHale;53;22;47;12;3;3;17;37;3;6;2
Claire Feuerstein;55;29;45;19;1;2;29;37;2;9;5
Coco Vandeweghe;53;24;47;12;4;6;16;37;3;7;7
Collin Altamirano;58;27;42;8;3;3;;;0;0;4
D Hantuchova;60;38;40;19;15;2;46;22;7;4;16
D Hantuchova;58;14;42;5;3;3;19;18;4;3;10
D Hantuchova;61;41;39;21;1;4;32;58;11;7;35
D Hantuchova;46;14;54;18;2;2;10;18;12;5;5
D Pfizenmaier;67;17;33;4;3;4;15;27;3;0;4
D.Brands;65;90;35;38;19;3;59;41;8;3;46
D.Brands;75;53;25;11;19;1;33;10;1;1;20
D.Brown;75;47;25;12;9;2;46;21;7;4;41
D.Brown;64;71;36;25;21;5;74;22;6;5;87
D.Brown;58;42;42;16;11;3;34;20;5;0;61
D.Cibulkova;44;15;56;13;0;3;13;7;9;5;6
D.Cibulkova;65;43;35;17;0;5;43;48;14;5;23
D.Cibulkova;64;15;36;9;0;2;14;22;6;2;20
D.Ferrer;68;45;32;17;8;2;41;22;2;0;31
D.Ferrer;66;62;34;29;7;3;53;25;15;5;46
D.Ferrer;68;57;32;15;7;6;31;22;12;6;30
D.Ferrer;70;76;30;22;6;8;34;39;24;7;50
D.Gimeno-Traver;69;93;31;27;20;3;64;37;4;0;18
D.Goffin;71;46;29;19;2;3;40;10;1;0;36
D.Hantuchova;63;15;37;8;0;3;15;18;10;3;8
D.Istomin;62;78;38;32;17;2;60;40;7;3;23
D.Kudla;57;39;43;24;3;5;26;22;7;2;40
D.Kudla;61;63;39;35;5;3;44;31;15;7;47
D.Tursunov;56;37;44;24;5;4;29;13;4;0;22
D.Vekic;53;23;47;11;4;2;18;16;0;0;9
Damir Dzumhur;53;31;47;19;4;3;4;3;7;12;
Damir Dzumhur;51;36;49;26;7;6;33;27;3;5;12
Damir Dzumhur;44;25;56;17;5;6;21;34;0;2;5
Daniel Brands;63;109;37;36;41;4;111;81;2;25;29
Daniel Brands;74;66;26;22;10;1;51;53;1;4;25
Daniel Brands;59;58;41;20;10;6;;;1;6;16
Daniel Evans;48;35;52;25;8;4;;;6;9;16
Daniel Evans;56;43;44;27;9;7;;;6;15;32
Daniel Evans;62;65;38;23;8;8;;;4;11;41
Daniel Gimeno-Traver;56;43;44;25;5;5;22;33;3;6;8
Daniel Gimeno-Traver;52;67;48;47;12;5;72;64;5;10;11
Daniel Gimeno-Traver;78;84;22;15;1;3;49;60;7;10;14
Daniel Gimeno-Traver;56;45;44;22;14;4;;;1;2;
Daniel Munoz-De La Nava;52;35;48;24;0;2;40;47;1;16;22
Daniela Hantuchova;68;43;32;10;6;2;37;44;5;13;5
Daniela Hantuchova;59;53;41;28;9;8;43;35;4;9;10
Daniela Hantuchova;54;15;46;12;2;2;10;19;1;6;1
Daniela Hantuchova;68;38;32;17;1;2;26;32;2;6;14
David Ferrer;53;28;47;21;2;6;33;30;8;12;18
David Ferrer;68;56;32;18;0;4;32;48;9;17;21
David Ferrer;72;44;28;17;2;1;22;24;5;11;10
David Ferrer;63;55;37;24;3;1;64;43;9;19;19
David Ferrer;61;46;39;23;2;1;30;46;3;12;12
David Ferrer;55;33;45;18;3;4;22;22;8;11;6
David Ferrer;60;31;40;15;3;2;29;21;8;15;8
David Ferrer;66;41;34;17;1;4;35;30;7;19;14
David Ferrer;52;28;48;24;1;3;28;11;6;17;9
David Ferrer;47;25;53;22;1;3;26;18;7;12;13
David Ferrer;60;35;40;23;3;1;24;21;6;17;17
David Ferrer;62;31;38;8;1;5;22;35;3;12;10
David Ferrer;55;40;45;21;11;2;;;5;11;6
David Ferrer;59;48;41;29;10;3;;;8;16;19
David Ferrer;60;47;40;20;7;2;;;8;26;15
David Ferrer;65;68;35;23;13;4;;;5;16;33
David Ferrer;63;53;37;29;5;3;;;4;15;38
David Goffin;67;44;33;14;7;8;;;2;8;
David Goffin;61;46;39;25;7;2;32;38;1;2;15
David Guez;64;26;36;12;3;;20;39;3;7;5
Denis Istomin;77;57;23;15;9;1;41;41;4;13;12
Denis Istomin;54;47;46;36;14;1;46;34;5;8;14
Denis Istomin;65;41;35;10;5;1;14;26;1;1;3
Denis Istomin;69;44;31;13;7;3;53;31;5;11;17
Denis Istomin;68;41;32;19;3;0;19;41;1;1;13
Denis Istomin;64;50;36;23;13;2;;;7;11;
Denis Istomin;46;24;54;21;6;3;;;7;13;
Denis Istomin;65;65;35;23;24;6;;;6;8;17
Denis Istomin;69;55;31;20;4;2;;;2;4;19
Denis Kudla;59;35;41;18;1;2;31;45;1;3;12
Denis Kudla;68;48;32;17;5;5;30;51;1;7;6
Denis Kudla;63;56;37;27;7;5;;;7;17;
Denis Kudla;60;49;40;26;1;6;;;4;14;12
Di Wu;60;46;40;29;3;5;33;36;2;13;23
Dinah Pfizenmaier;48;24;52;23;3;12;3;12;2;15;
Dinah Pfizenmaier;67;28;33;5;2;4;30;30;7;13;3
Dinah Pfizenmaier;60;24;40;15;1;1;33;32;5;12;16
Dinah Pfizenmaier;62;24;38;12;1;2;24;48;1;3;14
Dmitry Tursunov;53;39;47;24;8;6;8;6;6;9;
Dmitry Tursunov;53;45;47;26;5;5;31;44;3;10;24
Dmitry Tursunov;51;47;49;28;8;6;38;42;4;8;7
Dmitry Tursunov;59;31;41;9;6;4;25;15;2;2;6
Dmitry Tursunov;55;52;45;27;16;3;;;6;9;
Dmitry Tursunov;58;24;42;13;3;3;;;1;2;
Dmitry Tursunov;53;46;47;24;25;4;;;3;7;12
Dominic Thiem;55;60;45;31;20;3;20;3;5;12;
Dominic Thiem;59;34;41;16;10;3;28;21;0;2;2
Dominika Cibulkova;69;21;31;8;1;1;20;20;5;9;7
Dominika Cibulkova;69;27;31;13;1;5;16;28;7;14;2
Dominika Cibulkova;61;33;39;14;0;6;21;30;3;7;6
Dominika Cibulkova;68;21;32;8;0;2;17;13;6;9;4
Dominika Cibulkova;56;31;44;16;2;3;17;31;5;8;8
Dominika Cibulkova;67;29;33;5;0;7;11;28;2;3;3
Dominika Cibulkova;60;24;40;11;1;2;14;20;6;10;4
Dominika Cibulkova;77;25;23;5;0;3;17;16;5;9;3
Dominika Cibulkova;64;22;36;10;0;2;21;20;6;9;12
Donald Young;73;58;27;16;0;5;34;33;2;7;29
Donald Young;61;71;39;29;6;15;47;78;6;15;31
Donald Young;64;23;36;7;1;5;17;32;1;4;15
Donald Young;74;39;26;10;3;7;;;8;13;9
Donald Young;62;42;38;20;5;8;;;3;13;31
Donna Vekic;47;17;53;9;1;2;1;2;0;5;
Donna Vekic;63;21;37;7;1;3;12;13;3;7;2
Dudi Sela;68;73;32;24;5;3;41;50;9;17;14
Dudi Sela;59;65;41;38;2;7;;;11;26;
Dudi Sela;62;30;38;10;1;7;;;2;13;
Dusan Lajovic;61;53;39;30;7;7;28;57;5;10;8
Dusan Lajovic;70;37;30;8;7;3;17;49;1;5;4
E Bouchard;72;45;28;16;5;2;26;29;13;3;13
E Bouchard;47;27;53;27;2;7;41;43;14;6;38
E Makarova;60;40;40;18;1;4;15;33;6;4;12
E Makarova;61;36;39;15;6;3;24;20;8;3;15
E Svitolina;59;44;41;20;5;2;27;47;19;2;19
E.Baltacha;69;23;31;6;0;0;12;10;1;1;14
E.Birnerova;76;44;24;15;2;2;33;28;12;3;15
E.Birnerova;55;23;45;19;0;3;10;30;7;3;10
E.Birnerova;75;22;25;5;4;2;24;9;5;3;13
E.Bouchard;54;25;46;10;0;2;14;11;7;5;6
E.Bouchard;56;25;44;15;2;2;24;32;9;3;13
E.Bouchard;61;44;39;24;3;2;29;25;5;3;20
E.Cabeza Candela;68;9;32;3;0;1;12;18;5;1;15
E.Donskoy;65;47;35;15;4;4;27;20;0;0;18
E.Gulbis;61;40;39;17;12;8;45;24;8;3;25
E.Gulbis;65;59;35;20;20;6;55;36;8;4;26
E.Makarova;75;35;25;8;4;1;18;5;11;4;5
E.Makarova;68;49;32;16;7;2;30;14;11;5;5
E.Makarova;82;30;18;7;2;0;19;8;7;3;11
E.Roger-Vasselin;66;48;34;21;5;5;42;30;11;2;49
E.Svitolina;56;24;44;14;1;5;22;13;3;1;14
E.Vesnina;73;29;27;7;1;1;21;16;9;6;14
E.Vesnina;74;14;26;4;2;2;10;17;4;1;15
Edouard Roger-Vasselin;65;67;35;32;6;6;6;6;7;16;
Edouard Roger-Vasselin;57;49;43;28;11;2;11;2;7;17;
Edouard Roger-Vasselin;74;94;26;20;8;4;43;34;3;7;17
Edouard Roger-Vasselin;63;45;37;22;6;1;33;34;8;19;16
Edouard Roger-Vasselin;57;30;43;16;4;1;23;34;1;11;11
Edouard Roger-Vasselin;64;38;36;18;10;1;;;4;11;
Edouard Roger-Vasselin;61;48;39;25;3;3;;;3;3;25
Ekaterina Makarova;63;43;37;17;1;4;21;26;5;12;6
Ekaterina Makarova;56;26;44;14;4;6;18;28;5;13;9
Ekaterina Makarova;56;17;44;13;2;1;17;35;6;9;9
Ekaterina Makarova;64;14;36;3;0;1;4;11;0;4;3
Ekaterina Makarova;70;25;30;11;1;1;20;20;3;6;6
Elena Baltacha;69;11;31;6;1;1;7;13;1;5;2
Elena Vesnina;62;17;38;10;2;4;9;31;0;0;1
Elena Vesnina;74;21;26;6;2;1;20;16;1;5;9
Elina Svitolina;61;30;39;19;2;2;40;24;8;16;16
Elina Svitolina;65;22;35;10;0;2;11;23;3;3;2
Elina Svitolina;53;26;47;15;7;3;19;24;5;8;8
Elina Svitolina;57;23;43;15;0;4;12;27;2;3;9
Elina Svitolina;61;26;39;8;5;5;27;21;5;12;12
Ernests Gulbis;53;59;47;32;17;11;59;79;3;5;16
Ernests Gulbis;46;23;54;21;7;4;19;41;1;3;6
Ernests Gulbis;53;36;47;23;7;2;40;26;6;9;16
Ernests Gulbis;60;55;40;22;3;6;52;69;4;12;26
Ernests Gulbis;58;68;42;31;15;8;;;5;22;
Eugenie Bouchard;64;30;36;16;1;4;1;4;5;11;
Eugenie Bouchard;50;26;50;17;4;2;25;25;5;10;3
Eugenie Bouchard;61;23;39;10;4;2;18;23;5;8;3
Eugenie Bouchard;65;37;35;16;6;1;29;28;6;11;10
Eugenie Bouchard;58;42;42;20;2;6;47;37;7;13;19
Eugenie Bouchard;45;13;55;5;2;2;10;14;3;7;4
Eugenie Bouchard;57;23;43;17;3;1;37;21;4;10;16
Eugenie Bouchard;57;17;43;10;0;2;8;18;1;4;1
Evgeny Donskoy;58;55;42;17;13;2;;;1;7;6
Evgeny Donskoy;55;63;45;34;9;2;;;5;17;
Evgeny Donskoy;57;48;43;27;5;1;;;4;10;
Evgeny Donskoy;67;62;33;21;3;2;44;36;0;5;9
Evgeny Donskoy;59;59;41;25;14;5;40;38;6;10;8
F Pennetta;58;24;42;11;7;0;33;19;7;6;21
F Pennetta;51;26;49;17;0;1;16;13;8;5;14
F Pennetta;45;23;55;16;2;3;22;23;6;5;22
F Pennetta;44;12;56;7;1;3;19;23;6;5;20
F Pennetta;63;23;37;8;3;3;23;17;12;6;14
F Schiavone;43;8;57;5;0;8;3;18;0;0;6
F.Fognini;66;52;34;21;3;2;49;33;12;4;37
F.Lopez;71;55;29;17;21;2;42;12;10;3;44
F.Lopez;54;48;46;30;14;3;42;25;10;2;38
F.Mayer;60;46;40;20;3;;25;12;3;0;29
F.Pennetta;56;30;44;16;0;2;23;19;5;4;30
F.Pennetta;53;18;47;15;4;4;22;14;6;5;14
F.Pennetta;66;26;34;11;0;0;20;19;6;4;31
F.Schiavone;54;15;46;11;1;3;6;8;3;0;16
F.Verdasco;59;63;41;29;11;9;45;45;7;3;45
F.Verdasco;64;42;36;18;9;4;42;13;14;4;21
F.Verdasco;55;48;45;27;15;4;53;16;9;2;25
F.Verdasco;63;58;37;21;20;7;64;29;11;6;25
Fabio Fognini;47;18;53;15;3;4;21;31;6;20;6
Fabio Fognini;58;62;42;30;9;12;51;60;5;15;27
Fabio Fognini;60;41;40;26;9;3;43;26;4;10;7
Fabio Fognini;59;32;41;13;3;7;20;44;0;0;11
Fabio Fognini;64;50;36;27;10;5;39;22;5;13;9
Fabio Fognini;74;60;26;17;7;4;34;36;4;11;5
Fabio Fognini;67;47;33;26;3;2;47;59;3;11;17
Fabio Fognini;54;21;46;13;3;7;;;1;3;8
Federico Delbonis;63;38;37;16;4;1;4;1;0;8;
Federico Delbonis;55;52;45;27;8;8;53;41;7;10;13
Federico Delbonis;57;55;43;30;2;5;48;48;3;11;17
Feliciano Lopez;65;50;35;18;12;2;12;2;4;7;
Feliciano Lopez;62;45;38;23;8;3;43;24;4;11;17
Feliciano Lopez;57;39;43;20;8;7;31;44;1;1;26
Feliciano Lopez;58;52;42;33;12;3;52;66;4;5;26
Feliciano Lopez;64;56;36;23;17;0;42;36;3;12;17
Feliciano Lopez;63;37;37;14;5;3;21;41;3;5;18
Feliciano Lopez;58;54;42;30;21;3;;;5;16;
Feliciano Lopez;52;59;48;38;23;10;;;4;9;19
Feliciano Lopez;59;56;41;29;7;8;;;0;4;17
Fernando Verdasco;61;59;39;24;20;6;44;40;5;14;7
Fernando Verdasco;60;67;40;34;12;18;56;71;6;10;15
Fernando Verdasco;64;37;36;11;4;5;25;22;7;13;7
Fernando Verdasco;58;77;42;40;10;9;74;89;4;14;29
Fernando Verdasco;59;58;41;23;5;14;;;6;17;15
Filippo Volandri;57;35;43;20;2;6;28;39;1;2;20
Filippo Volandri;56;18;44;10;1;5;;;0;2;5
Flavia Pennetta;40;16;60;14;2;3;28;21;6;17;9
Flavia Pennetta;45;22;55;18;9;0;21;14;2;6;4
Flavia Pennetta;44;17;56;15;3;4;14;10;6;15;3
Flavia Pennetta;60;33;40;12;8;2;43;37;8;18;17
Flavia Pennetta;39;12;61;13;3;5;14;27;1;4;2
Flavia Pennetta;41;21;59;17;1;7;20;26;4;12;14
Florent Serra;61;63;39;30;8;2;;;0;3;
Florent Serra;64;35;36;13;1;1;17;25;2;3;2
Florian Mayer;58;36;42;22;6;1;25;23;5;11;11
Florian Mayer;60;59;40;33;19;3;48;41;4;11;29
Florian Mayer;68;42;32;15;17;0;38;7;5;11;12
Florian Mayer;61;52;39;27;4;3;33;49;3;11;29
Florian Mayer;59;40;41;15;6;3;22;24;4;7;10
Florian Mayer;65;34;35;15;5;1;;;5;8;
Florian Mayer;57;48;43;21;10;6;;;7;21;18
Florian Mayer;62;40;38;15;0;2;;;0;2;21
Francesca Schiavone;62;34;38;20;1;7;39;39;9;18;28
Francesca Schiavone;53;17;47;15;0;3;32;14;5;9;7
Francesca Schiavone;60;21;40;11;5;2;14;27;1;6;5
Francesca Schiavone;57;26;43;14;4;5;29;20;5;10;5
Francesca Schiavone;57;11;43;3;2;2;10;24;2;6;8
Frank Dancevic;59;47;41;20;12;3;36;14;1;4;15
Frank Dancevic;64;68;36;34;14;3;;;3;4;
Frank Dancevic;65;34;35;10;4;3;;;2;10;23
G Voskoboeva;57;16;43;7;3;3;15;19;1;0;10
G.Dimitrov;68;92;32;33;21;5;56;31;17;2;40
G.Dimitrov;73;43;27;10;15;2;26;9;11;5;16
G.Elias;43;22;57;26;0;6;14;20;2;1;22
G.Garcia-Lopez;67;32;33;10;4;4;23;13;3;0;13
G.Muguruza;67;28;33;9;3;4;23;16;9;4;18
G.Muguruza;58;37;42;21;3;6;31;31;9;2;17
G.Pella;65;58;35;26;15;3;50;33;19;4;30
G.Rufin;63;63;37;18;17;6;48;30;3;2;51
G.Rufin;47;42;53;26;6;9;29;47;14;8;34
G.Simon;60;49;40;27;5;6;40;26;0;0;56
G.Soeda;56;45;44;20;2;3;34;31;6;4;44
G.Soeda;55;39;45;25;9;2;31;14;9;5;21
G.Voskoboeva;59;49;41;21;3;4;34;30;6;3;25
G.Zemlja;56;79;44;47;18;5;51;32;6;1;38
G.Zemlja;67;53;33;11;14;5;44;27;0;0;21
G.Zemlja;68;67;32;20;18;5;68;33;10;6;44
Gael Monfils;64;43;36;18;9;5;43;27;3;4;18
Gael Monfils;62;47;38;23;13;3;39;30;4;11;20
Gael Monfils;69;39;31;10;10;5;33;57;0;6;4
Gael Monfils;72;104;28;27;26;3;66;44;3;8;15
Gael Monfils;64;65;36;32;8;4;29;33;7;11;10
Gael Monfils;68;73;32;27;2;1;61;68;4;12;28
Gael Monfils;84;33;16;4;5;1;;;9;13;8
Gael Monfils;83;74;17;11;7;3;;;1;7;9
Galina Voskoboeva;55;40;45;23;3;13;50;67;7;17;25
Galina Voskoboeva;55;30;45;18;3;3;38;30;8;14;16
Galina Voskoboeva;60;36;40;11;4;4;40;37;2;3;20
Galina Voskoboeva;64;41;36;18;3;3;3;3;6;11;
Garbine Muguruza;54;13;46;8;0;7;12;29;1;2;9
Garbine Muguruza;69;49;31;13;7;7;46;25;3;7;11
Garbine Muguruza;64;37;36;16;5;7;33;56;7;10;12
Garbine Muguruza;56;18;44;10;3;3;23;44;0;6;6
Garbine Muguruza;51;28;49;20;5;4;26;31;5;12;1
Garbine Muguruza;56;23;44;11;6;6;24;33;6;8;4
Gilles Muller;55;36;45;18;8;5;32;29;1;3;12
Gilles Simon;56;114;44;57;32;18;75;53;4;10;37
Gilles Simon;49;65;51;41;7;8;7;8;10;12;
Gilles Simon;53;34;47;22;7;3;21;25;0;3;23
Gilles Simon;59;42;41;25;7;2;41;49;10;14;11
Gilles Simon;57;41;43;26;4;1;54;41;10;17;16
Gilles Simon;60;52;40;32;3;2;36;29;6;10;11
Gilles Simon;61;65;39;28;5;3;32;47;3;6;15
Go Soeda;61;28;39;6;6;3;23;33;0;0;11
Go Soeda;58;24;42;10;3;4;19;41;1;4;6
Go Soeda;54;30;46;15;0;5;;;0;1;10
Grace Min;69;34;31;17;1;1;31;19;7;10;10
Grega Zemlja;52;32;48;21;12;2;43;24;6;13;6
Grega Zemlja;48;39;52;24;5;5;24;47;6;10;8
Grega Zemlja;49;29;51;18;9;9;;;1;3;5
Grigor Dimitrov;57;55;43;30;14;4;14;4;4;8;
Grigor Dimitrov;59;49;41;18;15;7;36;35;5;21;5
Grigor Dimitrov;60;55;40;33;15;5;49;13;2;4;12
Grigor Dimitrov;60;57;40;21;11;3;38;34;4;5;23
Grigor Dimitrov;58;64;42;32;16;5;54;61;3;6;28
Grigor Dimitrov;59;20;41;10;2;1;14;16;2;2;6
Grigor Dimitrov;49;37;51;29;5;3;37;33;5;10;17
Grigor Dimitrov;69;33;31;9;0;2;18;48;1;5;8
Grigor Dimitrov;58;53;42;27;13;7;;;6;14;
Guido Pella;57;26;43;12;1;4;10;34;0;1;3
Guido Pella;56;54;44;31;6;9;;;1;7;19
Guido Pella;61;71;39;35;4;7;52;49;6;15;21
Guillaume Rufin;61;32;39;21;2;2;16;33;1;4;14
Guillaume Rufin;55;66;45;27;10;9;;;5;15;
Guillaume Rufin;43;14;57;12;4;1;;;1;8;
Guillermo Garcia-Lopez;58;27;42;11;7;3;19;9;4;4;3
Guillermo Garcia-Lopez;51;46;49;26;9;10;9;10;4;13;
Guillermo Garcia-Lopez;63;30;37;11;0;10;13;38;2;7;9
Guillermo Garcia-Lopez;48;57;52;45;13;3;;;1;4;22
H Watson;54;29;46;16;1;8;23;60;8;5;15
H.Watson;53;18;47;13;4;2;11;15;5;2;7
H.Zeballos;61;66;39;37;17;6;66;55;9;2;46
Hao Chen Tang;57;21;43;12;1;6;1;6;2;7;
Heather Watson;61;41;39;19;8;3;27;45;4;7;10
Heather Watson;67;44;33;17;4;2;38;24;3;8;9
Horacio Zeballos;60;43;40;18;11;4;11;4;2;4;
Horacio Zeballos;68;71;32;18;10;4;44;42;1;10;15
Horacio Zeballos;62;46;38;16;4;3;25;26;0;8;17
Horacio Zeballos;52;44;48;29;8;7;;;1;6;
I.Andreev;69;28;31;9;5;2;20;21;3;2;9
I.Begu;61;23;39;11;;2;15;27;5;3;9
I.Dodig;66;64;34;25;14;3;47;32;6;0;54
I.Dodig;61;55;39;22;24;4;48;20;13;5;28
I.Dodig;47;12;53;17;5;1;21;6;9;6;6
I.Dodig;65;84;35;25;20;8;69;30;12;2;54
I.Sijsling;60;49;40;21;12;9;39;17;4;3;26
I.Sijsling;62;12;38;4;3;0;8;10;0;0;14
I.Sijsling;67;52;33;23;17;2;40;7;5;2;24
Igor Sijsling;59;56;41;23;20;5;53;47;4;9;23
Igor Sijsling;64;41;36;18;16;3;31;16;6;11;3
Igor Sijsling;52;51;48;30;9;4;64;53;3;6;37
Igor Sijsling;55;49;45;24;13;3;;;4;9;
Illya Marchenko;60;39;40;25;0;4;21;35;1;2;8
Irena Pavlovic;59;24;41;11;4;3;13;26;0;0;1
Irina Falconi;53;18;47;13;3;3;3;3;6;7;
Irina Falconi;74;22;26;10;0;2;18;40;2;4;3
Irina-Camelia Begu;74;26;26;6;;3;19;28;1;3;6
Irina-Camelia Begu;62;44;38;15;2;7;2;7;5;9;
Ivan Dodig;83;68;17;12;8;2;41;7;2;3;24
Ivan Dodig;55;39;45;20;13;2;37;43;3;7;12
Ivan Dodig;56;80;44;37;21;8;70;72;6;14;35
Ivan Dodig;57;60;43;34;10;5;;;6;9;22
Ivan Dodig;66;45;34;14;16;0;;;5;10;
Ivan Dodig;52;28;48;18;6;1;;;0;2;13
Ivo Karlovic;66;55;34;18;25;1;48;27;1;3;24
Ivo Karlovic;63;90;37;29;38;8;;;3;11;48
Ivo Karlovic;63;52;37;21;12;6;;;1;2;37
J Glushko;73;43;27;10;1;3;27;32;17;8;20
J Goerges;53;32;47;11;3;4;19;33;5;0;15
J Hampton;55;14;45;6;0;1;12;34;7;2;17
J Hampton;61;27;39;13;3;3;28;32;7;4;25
J Hampton;56;27;44;15;1;4;23;33;16;6;11
J Jankovic;64;28;36;14;1;2;8;21;3;2;15
J Jankovic;66;8;34;3;0;4;7;22;3;2;6
J Jankovic;52;31;48;12;3;5;20;23;9;6;28
J Zheng;74;49;26;15;1;3;18;31;13;4;16
J Zheng;75;27;25;6;0;4;13;33;3;2;13
J.Benneteau;63;65;37;26;12;6;60;27;12;6;61
J.Benneteau;62;55;38;24;7;3;25;16;2;1;39
J.Blake;52;30;48;20;7;1;31;7;17;6;31
J.Blake;59;37;41;16;11;4;38;21;5;2;24
J.Cepelova;61;37;39;22;0;2;36;29;8;5;37
J.Cepelova;62;24;38;12;2;2;18;15;10;6;8
J.Chardy;66;66;34;22;10;6;60;30;17;3;63
J.Chardy;59;28;41;16;9;3;30;7;7;2;16
J.Chardy;66;32;34;15;6;4;18;14;0;0;23
J.Del Potro;61;47;39;20;10;4;29;12;9;4;13
J.Del Potro;72;55;28;18;9;1;36;15;11;2;28
J.Del Potro;69;46;31;16;13;0;37;13;11;4;10
J.Del Potro;73;45;27;12;10;1;34;10;8;6;11
J.Del Potro;60;82;40;42;4;4;48;37;7;2;37
J.Del Potro;72;55;28;11;12;0;42;11;8;3;21
J.Duckworth;58;63;42;20;19;5;53;44;17;4;47
J.Goerges;62;47;38;21;3;8;30;46;4;2;29
J.Hajek;70;34;30;14;4;0;24;13;1;0;19
J.Hampton;66;21;34;11;1;1;14;14;4;1;12
J.Isner;75;55;25;19;22;1;40;20;4;2;24
J.Jankovic;61;23;39;7;1;4;13;26;6;2;17
J.Jankovic;68;31;32;12;2;1;23;13;5;3;12
J.Janowicz;55;54;45;27;9;11;43;43;7;1;51
J.Janowicz;68;63;32;12;30;9;58;14;10;3;16
J.Janowicz;57;68;43;36;16;8;54;26;9;3;42
J.Janowicz;68;40;32;17;11;4;39;17;21;5;17
J.Janowicz;69;52;31;16;30;3;59;15;5;3;15
J.Konta;52;21;48;17;1;4;21;25;2;0;9
J.Larsson;63;20;37;9;2;4;14;19;0;0;7
J.Levine;63;63;37;29;18;10;61;53;8;5;46
J.Levine;61;41;39;16;13;7;38;29;3;1;41
J.Melzer;69;62;31;22;8;3;45;29;15;8;82
J.Melzer;64;60;36;33;12;1;56;28;12;2;71
J.Melzer;71;76;29;28;11;3;57;19;12;3;50
J.Melzer;67;51;33;19;9;0;47;16;7;6;39
J.Monaco;78;46;22;9;6;2;19;20;14;6;9
J.Monaco;68;54;32;24;7;0;53;10;14;5;19
J.Nieminen;65;44;35;18;3;3;24;14;1;1;15
J.Reister;68;102;32;27;22;10;55;44;19;4;34
J.Reister;70;68;30;27;10;5;42;21;9;1;39
J.Struff;59;38;41;22;20;3;53;25;14;5;17
J.Struff;55;36;45;17;7;3;20;15;2;1;10
J.Tipsarevic;61;47;39;21;3;1;28;16;4;0;33
J.Ward;62;77;38;35;18;4;60;28;13;1;27
J.Zheng;70;25;30;10;1;2;13;14;2;0;9
J.Zopp;52;51;48;27;11;11;34;36;0;0;26
Jack Sock;50;54;50;43;16;12;16;12;4;10;
Jack Sock;58;48;42;23;5;9;34;37;1;1;16
Jack Sock;56;32;44;23;4;2;26;26;7;13;6
Jack Sock;54;39;46;22;4;6;25;34;1;7;18
Jack Sock;51;36;49;29;6;8;;;3;8;13
Jack Sock;62;54;38;25;7;9;;;4;7;22
Jack Sock;46;35;54;27;19;8;;;2;6;12
James Blake;64;82;36;36;9;6;;;4;11;35
James Blake;47;22;53;15;3;2;23;31;2;2;9
James Duckworth;52;36;48;19;13;3;34;38;0;1;19
James Duckworth;46;19;54;11;3;4;13;27;1;5;7
James Duckworth;55;47;45;26;8;5;;;3;7;22
Jamie Hampton;60;50;40;24;7;5;38;50;6;11;5
Jamie Hampton;51;24;49;12;4;5;13;18;5;11;3
Jamie Hampton;66;11;34;7;1;0;9;29;1;2;9
Jamie Hampton;57;22;43;15;1;1;30;25;5;13;10
Jan Hajek;73;31;27;6;2;6;2;6;1;2;
Jan Hajek;70;58;30;18;4;4;35;36;6;12;8
Jan Hajek;66;36;34;16;3;1;31;25;4;8;7
Jana Cepelova;69;28;31;7;2;5;2;5;5;12;
Jana Cepelova;78;52;22;9;0;3;25;32;4;12;5
Jana Cepelova;70;12;30;3;1;2;13;28;2;8;4
Janko Tipsarevic;64;82;36;38;9;1;49;52;5;20;21
Janko Tipsarevic;49;28;51;25;5;5;22;22;0;3;10
Janko Tipsarevic;44;32;56;31;3;3;;;7;11;
Janko Tipsarevic;56;46;44;33;18;2;;;4;8;14
Janko Tipsarevic;59;68;41;34;8;5;;;5;14;29
Janko Tipsarevic;55;42;45;28;12;2;;;2;9;10
Jan-Lennard Struff;49;24;51;12;2;8;20;61;2;5;15
Jan-Lennard Struff;48;47;52;32;9;5;53;51;6;11;12
Jan-Lennard Struff;55;61;45;32;11;13;;;5;13;
Jarkko Nieminen;60;66;40;34;2;6;57;72;10;17;25
Jarkko Nieminen;65;57;35;23;3;5;24;37;2;16;15
Jarkko Nieminen;69;84;31;29;11;4;57;42;6;7;8
Jarkko Nieminen;61;41;39;25;1;2;24;35;1;1;21
Jarkko Nieminen;59;38;41;19;6;3;;;7;11;
Jarkko Nieminen;64;65;36;25;9;9;;;5;12;
Jarmila Gajdosova;53;29;47;12;2;6;41;31;4;11;22
Jelena Jankovic;60;23;40;11;6;6;20;19;5;8;2
Jelena Jankovic;59;19;41;7;9;4;25;14;6;6;0
Jelena Jankovic;62;23;38;13;1;3;12;33;7;9;5
Jelena Jankovic;67;32;33;11;2;2;23;43;4;8;20
Jelena Jankovic;78;40;22;7;4;1;27;21;3;11;10
Jelena Jankovic;60;16;40;11;3;1;10;12;6;12;2
Jelena Jankovic;73;39;27;13;4;5;16;24;5;12;12
Jelena Jankovic;70;22;30;8;2;2;11;15;6;10;6
Jelena Jankovic;63;31;37;16;0;4;9;21;4;7;5
Jeremy Chardy;66;46;34;16;9;2;31;27;4;9;12
Jeremy Chardy;60;74;40;30;22;10;76;73;5;14;24
Jeremy Chardy;58;44;42;17;8;8;30;51;1;3;17
Jeremy Chardy;66;44;34;17;10;6;46;33;5;11;10
Jeremy Chardy;64;50;36;17;11;4;59;41;4;8;21
Jeremy Chardy;65;35;35;10;3;3;17;34;0;2;15
Jeremy Chardy;56;64;44;40;8;7;;;6;11;
Jeremy Chardy;57;29;43;13;11;9;;;3;9;12
Jerzy Janowicz;64;74;36;27;18;11;62;64;5;9;31
Jerzy Janowicz;67;76;33;25;15;5;63;47;3;11;11
Jerzy Janowicz;53;34;47;18;3;7;34;44;0;1;11
Jerzy Janowicz;63;49;37;26;17;3;65;46;3;7;19
Jerzy Janowicz;60;48;40;28;5;7;59;47;6;14;25
Jerzy Janowicz;61;58;39;23;6;10;37;46;1;5;19
Jerzy Janowicz;58;40;42;17;3;11;;;2;10;16
Jesse Huta Galung;57;41;43;13;9;7;30;33;0;5;14
Jesse Levine;52;16;48;9;1;5;9;33;1;3;4
Jie Zheng;76;40;24;14;0;4;19;48;7;10;10
Jie Zheng;64;18;36;11;0;5;15;28;2;3;2
Jie Zheng;76;30;24;5;1;0;25;13;4;12;4
Jie Zheng;73;26;27;7;0;0;20;14;7;9;3
Jie Zheng;81;23;19;3;0;1;8;24;4;11;4
Jie Zheng;68;26;32;10;0;2;26;25;5;7;1
Jimmy Wang;63;32;37;12;1;3;1;3;3;7;
Jiri Vesely;57;69;43;43;16;10;16;10;2;6;
Jiri Vesely;61;59;39;25;8;6;35;44;3;5;21
Jiri Vesely;55;50;45;30;10;8;;;2;5;
Joao Sousa;65;57;35;30;8;0;8;0;3;8;
Joao Sousa;70;40;30;14;7;2;29;21;7;10;5
Joao Sousa;66;58;34;24;10;3;31;41;1;3;11
Joao Sousa;58;61;42;27;5;2;;;8;11;
Joao Sousa;63;66;37;23;6;3;;;4;11;
Joao Sousa;59;30;41;10;2;3;;;1;2;10
Johanna Larsson;63;12;37;9;1;2;7;19;1;8;3
Johanna Larsson;72;24;28;5;2;5;13;29;3;10;4
Johanna Larsson;64;22;36;8;;1;25;11;6;6;12
John Isner;78;36;22;6;10;0;23;23;0;3;5
John Isner;63;45;37;16;14;1;52;29;4;9;16
John Isner;65;81;35;37;15;2;61;52;5;18;39
John Isner;78;132;22;24;27;0;92;58;2;13;52
John Isner;73;42;27;11;16;3;;;6;7;12
John Isner;70;71;30;21;23;2;;;3;9;37
John Isner;74;72;26;14;26;5;;;2;7;18
Jordan Thompson;60;58;40;21;13;8;40;36;3;10;18
Jo-Wilfried Tsonga;62;37;38;23;15;1;36;25;5;13;12
Jo-Wilfried Tsonga;64;51;36;18;14;6;47;28;3;9;16
Jo-Wilfried Tsonga;66;49;34;20;17;0;40;29;3;6;20
Jo-Wilfried Tsonga;52;32;48;23;8;1;29;28;0;1;11
Jo-Wilfried Tsonga;50;32;50;23;5;0;29;33;6;10;13
Jo-Wilfried Tsonga;65;44;35;19;8;1;35;36;4;7;18
Jo-Wilfried Tsonga;67;40;33;17;6;0;25;24;5;10;13
Jo-Wilfried Tsonga;77;45;23;15;1;2;33;24;4;12;18
Jo-Wilfried Tsonga;75;46;25;10;2;0;26;22;6;14;15
Jo-Wilfried Tsonga;58;37;42;17;6;3;31;56;2;5;7
Juan Martin Del Potro;64;62;36;23;16;3;46;29;4;8;21
Juan Martin Del Potro;72;76;28;21;28;2;53;41;4;17;13
Juan Martin Del Potro;62;62;38;31;13;4;;;4;13;26
Juan Martin Del Potro;57;57;43;39;11;8;;;6;11;21
Juan Monaco;76;63;24;12;0;4;16;35;3;12;9
Juan Monaco;78;85;22;22;2;1;24;30;5;17;12
Juan Monaco;63;20;37;11;1;5;;;0;3;
Julia Glushko;61;35;39;20;6;3;6;3;2;7;
Julia Glushko;78;22;22;5;2;1;15;23;3;3;3
Julia Goerges;50;20;50;15;4;2;39;36;5;9;7
Julia Goerges;71;45;29;11;6;1;42;47;3;13;12
Julia Goerges;54;22;46;14;10;4;39;56;2;9;6
Julian Reister;60;41;40;16;4;9;21;36;4;8;8
Julian Reister;72;47;28;15;2;1;23;35;1;8;9
Julien Benneteau;66;62;34;24;16;4;49;46;7;19;30
Julien Benneteau;62;68;38;27;14;6;64;65;1;11;42
Julien Benneteau;72;87;28;19;14;2;48;27;4;13;14
Julien Benneteau;72;83;28;23;5;8;63;76;5;10;32
Julien Benneteau;82;41;18;8;2;1;15;31;1;3;9
Julien Benneteau;61;49;39;25;7;6;;;6;11;
Julien Benneteau;58;39;42;18;9;2;;;7;12;14
Julien Benneteau;52;25;48;12;5;6;;;0;3;13
Jurgen Melzer;65;39;35;17;4;2;;;3;10;
Jurgen Melzer;72;37;28;6;5;6;24;22;2;5;8
Jurgen Zopp;68;35;32;9;3;0;24;27;0;0;14
Jurgen Zopp;51;46;49;27;5;9;;;6;10;
J-W.Tsonga;68;40;32;13;9;5;19;14;10;2;38
J-W.Tsonga;68;54;32;15;18;2;47;13;6;3;48
K Date-Krumm;69;28;31;6;0;3;14;43;9;4;14
K Flipkens;46;15;54;7;1;6;16;19;8;1;16
K Kanepi;44;17;56;10;1;9;15;29;1;1;7
K Knapp;58;22;42;8;3;6;17;35;5;3;17
K Mladenovic;51;29;49;15;8;1;49;41;25;7;30
K Mladenovic;59;30;41;14;5;5;27;46;12;4;12
K Nara;80;25;20;8;0;0;12;18;10;6;5
K Nara;81;30;19;5;0;2;28;27;7;5;26
K Pliskova;53;48;47;21;6;4;35;51;7;2;23
K.Anderson;69;49;31;18;15;2;33;10;6;3;27
K.Anderson;60;53;40;25;19;3;45;12;14;3;29
K.Anderson;72;39;28;14;28;2;68;19;10;5;16
K.Bertens;57;31;43;11;3;5;9;34;2;2;13
K.Date-Krumm;79;32;21;8;1;3;17;21;7;5;25
K.Date-Krumm;64;10;36;9;0;0;8;9;2;1;15
K.Date-Krumm;65;17;35;10;1;0;17;8;8;6;20
K.De Schepper;67;43;33;15;9;3;26;12;2;1;51
K.De Schepper;67;56;33;21;22;6;61;29;8;3;47
K.Edmund;71;39;29;10;4;3;17;12;4;0;11
K.Flipkens;49;8;51;7;0;1;10;6;2;1;21
K.Flipkens;62;42;38;17;7;2;23;5;8;3;20
K.Flipkens;63;27;37;8;8;2;29;14;13;7;24
K.Flipkens;60;26;40;14;6;1;31;20;12;6;41
K.Flipkens;66;33;34;15;6;0;31;19;9;3;35
K.Flipkens;58;27;42;14;7;1;24;9;9;3;10
K.Kanepi;67;25;33;9;3;3;13;23;2;1;19
K.Kanepi;60;44;40;14;9;5;28;18;5;2;5
K.Kanepi;53;22;47;13;4;1;24;9;7;4;6
K.Kanepi;54;48;46;26;12;9;45;46;21;5;13
K.Knapp;63;34;37;11;9;3;26;19;2;2;9
K.Knapp;60;18;40;4;2;2;9;16;2;1;5
K.Knapp;57;32;43;13;14;5;27;17;10;4;7
K.Knapp;67;39;33;14;10;2;25;24;8;5;5
K.Mladenovic;52;29;48;17;6;7;18;20;1;0;15
K.Nishikori;67;37;33;19;1;2;32;14;11;6;26
K.Nishikori;67;51;33;19;2;5;29;20;12;5;15
K.Nishikori;69;63;31;23;3;6;44;45;11;3;30
K.Zakopalova;62;35;38;14;0;3;15;30;9;4;10
K.Zakopalova;54;28;46;13;2;4;29;16;8;6;8
K.Zakopalova;59;28;41;10;1;7;23;33;18;7;8
Ka.Pliskova;63;28;37;6;5;8;24;27;2;2;20
Ka.Pliskova;73;33;27;4;13;1;32;6;7;3;5
Kaia Kanepi;64;27;36;12;6;3;22;39;3;9;3
Kaia Kanepi;70;32;30;8;2;3;17;33;5;6;0
Kaia Kanepi;71;20;29;5;4;2;16;15;1;3;0
Karin Knapp;57;18;43;13;;3;15;27;2;2;3
Karin Knapp;61;26;39;8;4;3;4;3;5;10;
Karin Knapp;53;40;47;23;3;9;20;55;6;9;6
Karolina Pliskova;60;26;40;7;5;0;5;0;5;14;
Karolina Pliskova;55;50;45;28;11;6;57;60;3;14;15
Karolina Pliskova;60;41;40;20;9;4;27;22;2;4;5
Katarzyna Piter;77;12;23;1;1;3;5;25;0;2;5
Katerina Siniakova;57;22;43;10;2;3;2;3;2;6;
Kei Nishikori;66;68;34;25;6;6;44;50;7;15;11
Kei Nishikori;64;43;36;15;5;3;30;27;6;12;10
Kei Nishikori;54;29;46;21;3;1;30;27;8;12;3
Kei Nishikori;66;51;34;16;2;1;36;51;4;10;20
Kei Nishikori;51;27;49;19;2;4;26;25;8;11;7
Kei Nishikori;63;45;37;19;4;5;43;56;11;23;16
Kei Nishikori;63;53;37;23;1;5;27;34;8;19;14
Kei Nishikori;65;27;35;15;0;1;14;39;0;4;8
Kei Nishikori;54;30;46;15;3;8;;;2;9;10
Kenny De Schepper;62;63;38;20;19;13;58;66;4;11;29
Kenny De Schepper;63;33;37;10;8;9;29;32;0;0;14
Kenny De Schepper;64;61;36;21;7;11;56;60;3;6;31
Kenny De Schepper;59;68;41;37;20;11;;;1;1;30
Kevin Anderson;63;76;37;28;21;9;21;9;3;14;
Kevin Anderson;65;43;35;18;15;5;30;22;3;5;12
Kevin Anderson;67;77;33;26;27;6;82;69;3;12;22
Kevin Anderson;72;40;28;9;16;1;31;30;0;0;6
Kevin Anderson;64;50;36;15;13;4;38;33;4;12;12
Kevin Anderson;68;69;32;26;14;3;58;37;5;11;14
Kevin Anderson;69;54;31;19;8;2;31;15;3;12;10
Kevin Anderson;71;34;29;7;5;2;25;41;0;2;6
Kevin Anderson;53;50;47;35;20;6;;;4;15;21
Kevin Anderson;64;27;36;11;7;4;;;0;0;4
Kiki Bertens;61;15;39;11;2;4;23;35;6;11;10
Kiki Bertens;63;42;37;12;3;10;31;54;5;10;9
Kimiko Date-Krumm;71;31;29;10;1;4;29;47;8;13;9
Kimiko Date-Krumm;79;15;21;3;0;1;8;20;0;1;4
Kirsten Flipkens;57;18;43;11;7;2;14;4;5;6;2
Kirsten Flipkens;48;15;52;10;0;7;17;29;1;1;10
Kirsten Flipkens;45;31;55;23;5;9;34;28;6;8;21
Kirsten Flipkens;53;33;47;13;1;5;33;40;6;17;27
Klara Zakopalova;50;18;50;7;1;5;27;27;4;14;10
Klara Zakopalova;58;22;42;11;1;2;13;46;3;7;3
Kr.Pliskova;69;16;31;6;6;1;20;29;8;3;12
Kristina Mladenovic;48;29;52;19;3;8;23;41;1;1;14
Kristina Mladenovic;55;27;45;16;6;4;25;22;0;1;7
Kristina Mladenovic;58;27;42;13;3;1;31;21;6;15;14
Kristyna Pliskova;60;18;40;9;0;3;6;27;0;4;3
Kurumi Nara;74;39;26;10;1;6;23;37;8;16;2
Kurumi Nara;66;26;34;15;0;2;8;26;4;4;5
Kurumi Nara;86;25;14;5;0;2;19;43;5;7;13
L Arruabarrena;52;16;48;12;1;4;7;18;6;1;8
L Davis;63;12;37;3;0;4;6;26;2;0;4
L Dominguez Lino;60;20;40;8;4;5;10;21;9;3;5
L Hradecka;49;17;51;4;3;7;20;31;0;0;6
L Robson;57;27;43;7;6;8;33;30;14;7;19
L Robson;59;28;41;17;8;2;23;21;2;1;5
L Robson;52;16;48;16;0;5;7;30;2;1;5
L.Arruabarrena;79;23;21;4;2;0;7;7;0;0;12
L.Davis;66;21;34;2;1;2;13;7;1;0;3
L.Dominguez Lino;64;16;36;5;;3;12;24;10;2;22
L.Hewitt;55;52;45;29;12;4;42;13;10;1;34
L.Hewitt;57;37;43;26;5;1;32;11;15;6;31
L.Hradecka;65;23;35;8;2;2;16;16;3;0;8
L.Kubot;57;44;43;20;9;3;32;11;6;0;54
L.Kubot;67;72;33;25;26;7;62;34;16;3;87
L.Kubot;60;34;40;16;11;6;43;18;11;7;37
L.Lacko;64;66;36;18;13;2;55;40;3;1;22
L.Mayer;65;44;35;15;5;5;27;28;5;2;32
L.Mayer;63;47;37;20;13;4;41;33;7;4;24
L.Robson;57;32;43;16;9;4;27;24;3;1;11
L.Robson;59;35;41;16;5;2;25;20;9;4;11
L.Robson;53;24;47;16;8;3;31;17;6;3;10
L.Rosol;59;81;41;39;20;13;95;74;17;3;59
L.Safarova;63;24;37;11;2;1;19;9;5;4;5
L.Safarova;65;37;35;19;1;4;21;30;5;4;9
L.Tsurenko;60;24;40;10;2;1;24;22;7;4;12
L.Tsurenko;48;17;52;17;2;7;12;42;3;1;13
Lara Arruabarrena;62;33;38;10;0;3;0;3;4;7;
Laura Robson;57;14;43;5;2;5;12;32;0;0;6
Laura Robson;56;18;44;5;4;6;25;39;2;5;1
Lauren Davis;61;23;39;7;;0;15;23;6;7;7
Lauren Davis;69;51;31;15;0;6;14;20;3;7;5
Lauren Davis;77;24;23;3;0;1;7;31;1;3;3
Lauren Davis;72;22;28;5;0;0;18;16;2;9;4
Leonardo Mayer;61;31;39;13;13;1;13;1;7;14;
Leonardo Mayer;52;28;48;17;3;7;14;39;0;0;7
Leonardo Mayer;64;68;36;28;11;8;48;69;6;10;19
Leonardo Mayer;57;60;43;37;8;8;;;3;14;
Leonardo Mayer;63;40;37;16;6;5;;;1;9;29
Lesia Tsurenko;55;12;45;7;1;3;16;35;3;7;0
Lesia Tsurenko;63;35;37;20;1;3;9;34;3;9;0
Lleyton Hewitt;51;76;49;38;23;5;54;61;7;13;23
Lleyton Hewitt;49;40;51;29;4;6;44;72;9;10;19
Lleyton Hewitt;46;38;54;29;8;7;;;10;19;14
Lleyton Hewitt;50;56;50;38;10;7;;;8;18;32
Lleyton Hewitt;52;49;48;37;11;2;;;4;7;24
Lleyton Hewitt;52;48;48;37;8;9;;;8;12;39
Lourdes Dominguez Lino;58;10;42;8;;2;9;30;1;2;5
Lourdes Dominguez Lino;47;12;53;14;1;2;8;14;2;6;4
Lucas Pouille;61;55;39;22;2;10;41;88;4;8;23
Lucas Pouille;48;36;52;33;8;3;38;37;5;11;10
Lucas Pouille;60;31;40;14;1;3;15;39;1;6;13
Lucie Hradecka;54;23;46;12;9;4;9;4;4;7;
Lucie Hradecka;44;33;56;26;9;9;9;9;0;6;
Lucie Hradecka;57;31;43;18;5;7;38;45;6;10;11
Lucie Safarova;59;37;41;21;3;4;3;4;4;8;
Lucie Safarova;62;47;38;20;6;7;6;7;4;13;
Lucie Safarova;59;33;41;17;2;7;21;43;6;16;5
Lucie Safarova;67;53;33;19;4;1;35;43;6;16;11
Lukas Lacko;61;35;39;18;5;1;17;29;1;3;8
Lukas Lacko;52;31;48;22;4;4;21;24;1;1;3
Lukas Lacko;50;48;50;29;11;6;;;5;12;10
Lukas Rosol;51;72;49;41;11;12;82;96;3;7;28
Lukas Rosol;62;41;38;23;7;4;62;50;4;7;9
Lukas Rosol;57;51;43;21;8;3;37;51;2;6;17
Lukas Rosol;47;44;53;27;18;14;;;5;12;
Lukasz Kubot;60;68;40;25;8;12;8;12;6;14;
Lukasz Kubot;64;30;36;12;4;5;25;45;6;16;16
Lukasz Kubot;75;46;25;8;1;2;23;26;4;6;9
Lukasz Kubot;38;28;62;27;5;14;;;4;8;
Luksika Kumkhum;48;26;52;20;4;6;28;27;5;16;7
Luksika Kumkhum;58;38;42;13;4;8;37;39;3;7;7
M Barthel;57;21;43;15;5;3;18;21;4;1;26
M Burdette;68;27;32;15;0;3;15;33;1;1;9
M Doi;58;21;42;17;1;5;15;23;16;2;6
M Keys;58;19;42;13;4;1;15;32;2;0;13
M Kirilenko;54;9;46;5;1;5;3;24;1;0;8
M Koehler;45;21;55;13;1;8;13;47;4;1;3
M Minella;65;43;35;18;1;2;15;37;15;4;18
M.Alund;74;53;26;13;8;2;28;23;3;2;23
M.Baghdatis;61;31;39;16;4;5;20;18;1;1;14
M.Barthel;74;32;26;8;1;1;11;22;1;0;9
M.Barthel;68;39;32;17;1;0;44;39;16;7;66
M.Bartoli;58;29;42;16;4;3;30;25;7;3;18
M.Bartoli;62;26;38;10;1;5;20;12;8;6;8
M.Bartoli;61;26;39;7;1;7;12;13;7;5;2
M.Bartoli;67;31;33;7;2;6;15;14;13;5;11
M.Bartoli;61;21;39;10;5;3;23;10;7;5;11
M.Bartoli;58;26;42;15;0;3;6;12;12;6;10
M.Bartoli;64;38;36;11;1;6;22;17;12;5;16
M.Burdette;74;38;26;10;0;4;42;54;20;8;44
M.Camerin;55;42;45;26;2;6;24;31;9;4;17
M.Cilic;70;45;30;16;16;2;41;19;6;4;11
M.Doi;64;25;36;14;1;5;30;27;10;5;15
M.Duque-Marino;64;48;36;20;4;7;19;25;11;4;13
M.Ebden;61;39;39;12;8;6;20;25;2;1;23
M.Erakovic;58;35;42;15;6;5;24;14;4;2;16
M.Erakovic;59;45;41;15;12;7;40;34;9;4;16
M.Erakovic;60;37;40;13;12;8;34;15;9;4;11
M.Gicquel;59;41;41;27;7;6;22;28;6;1;11
M.Granollers;72;73;28;15;11;3;48;29;5;2;75
M.Johansson;66;24;34;6;;6;22;29;4;1;27
M.Johansson;59;32;41;17;1;7;19;38;12;7;18
M.Keys;61;53;39;16;15;1;67;51;10;2;34
M.Keys;65;25;35;12;4;2;18;12;10;3;7
M.Keys;63;25;37;10;8;2;23;18;7;5;8
M.Kirilenko;60;21;40;10;2;0;8;4;2;1;7
M.Klizan;64;38;36;18;5;6;28;24;3;0;24
M.Koehler;60;21;40;8;2;4;19;18;7;2;3
M.Krajicek;50;11;50;11;1;2;7;8;3;0;11
M.Larcher De Brito;71;34;29;16;0;2;13;9;6;3;2
M.Larcher De Brito;71;28;29;9;0;3;10;14;5;1;4
M.Larcher De Brito;68;46;32;15;1;5;16;42;6;5;14
M.Llodra;62;43;38;21;17;4;43;15;6;3;47
M.Lucic-Baroni;56;28;44;16;7;3;30;31;9;4;8
M.Lucic-Baroni;64;28;36;14;6;1;33;25;4;3;7
M.Matosevic;53;43;47;22;6;3;29;36;12;4;31
M.Minella;48;12;52;12;1;1;5;6;1;1;7
M.Niculescu;85;46;15;7;0;1;26;22;13;6;48
M.Oudin;65;32;35;15;3;2;33;51;16;7;13
M.Przysiezny;56;41;44;21;4;2;29;20;8;5;27
M.Przysiezny;60;42;40;21;6;4;28;20;1;1;22
M.Puig;58;15;42;8;3;2;15;10;4;1;10
M.Puig;63;43;37;24;6;1;31;20;9;3;23
M.Puig;61;30;39;20;1;0;23;22;8;3;14
M.Puig;68;28;32;13;4;3;38;17;8;4;18
M.Raonic;68;57;32;17;22;4;48;24;4;0;22
M.Raonic;71;45;29;13;19;5;54;18;12;4;27
M.Reid;60;34;40;12;12;7;29;30;2;0;21
M.Russell;66;60;34;17;10;5;38;36;11;2;30
M.Rybarikova;64;29;36;16;1;1;31;55;8;3;48
M.Sharapova;68;35;32;14;5;0;27;18;8;1;9
M.Sharapova;60;20;40;9;6;5;21;18;7;1;7
M.Torro-Flor;61;9;39;6;1;1;10;17;0;0;6
M.Torro-Flor;72;25;28;8;;4;22;30;15;5;5
M.Youzhny;61;36;39;16;1;1;33;20;5;2;55
M.Youzhny;67;53;33;17;9;3;40;26;21;3;44
M.Youzhny;64;76;36;39;8;2;53;20;7;4;46
Madison Keys;52;45;48;30;11;4;11;4;8;10;
Madison Keys;63;39;37;18;3;1;30;43;8;16;6
Madison Keys;66;29;34;8;5;1;25;19;4;5;6
Madison Keys;61;31;39;11;4;4;17;38;2;6;1
Magdalena Rybarikova;67;27;33;8;4;1;18;16;5;8;9
Magdalena Rybarikova;52;16;48;8;4;1;13;38;2;5;7
Magdalena Rybarikova;73;19;27;6;2;0;14;13;6;12;8
Magdalena Rybarikova;66;32;34;11;4;3;22;32;3;6;8
Mallory Burdette;73;17;27;5;1;0;23;28;2;5;9
Mallory Burdette;68;27;32;11;1;1;27;17;5;7;7
Mandy Minella;55;21;45;11;2;3;2;3;0;0;
Mandy Minella;57;17;43;8;1;5;7;24;3;6;1
Mandy Minella;56;17;44;16;0;2;0;2;5;8;
Marc Gicquel;53;23;47;13;1;3;11;25;1;3;5
Marcel Granollers;61;64;39;27;13;4;41;34;2;3;20
Marcel Granollers;70;55;30;18;7;3;29;37;5;14;17
Marcel Granollers;52;43;48;27;13;9;;;8;16;
Marcel Granollers;62;63;38;28;14;4;;;6;11;25
Marcel Granollers;59;66;41;28;10;3;;;6;12;25
Marcos Baghdatis;52;53;48;20;8;4;37;50;1;9;16
Marcos Baghdatis;53;34;47;25;2;7;17;24;2;14;13
Marcos Baghdatis;60;34;40;20;16;3;;;5;10;5
Marcos Baghdatis;43;24;57;24;10;6;;;6;12;6
Marcos Baghdatis;47;50;53;43;16;8;;;2;9;25
Maria Joao Koehler;60;19;40;8;;9;20;45;3;8;4
Maria Kirilenko;57;31;43;8;2;5;17;18;3;4;6
Maria Kirilenko;51;19;49;12;2;4;24;14;5;11;3
Maria Kirilenko;75;9;25;1;1;;7;4;1;1;5
Maria Kirilenko;57;27;43;20;2;1;30;28;4;9;17
Maria Kirilenko;64;31;36;14;1;6;13;25;4;11;10
Maria Sharapova;62;41;38;10;12;11;42;39;6;10;2
Maria Sharapova;55;20;45;20;2;4;10;17;2;2;3
Maria Sharapova;66;30;34;13;1;2;30;45;4;4;9
Maria Sharapova;63;25;37;12;1;1;17;20;4;12;5
Maria Sharapova;57;22;43;13;3;8;25;34;8;8;4
Maria Sharapova;52;19;48;11;1;4;23;23;4;6;8
Maria Sharapova;66;31;34;12;3;8;27;45;5;10;8
Maria Sharapova;68;25;32;8;4;0;25;19;4;6;3
Maria Sharapova;60;44;40;23;2;12;34;67;7;20;6
Maria Sharapova;50;23;50;16;;8;35;35;6;14;12
Maria Sharapova;53;31;47;13;5;9;29;28;4;8;3
Mariana Duque-Marino;67;18;33;5;4;4;10;32;3;8;2
Mariana Duque-Marino;65;23;35;9;3;1;27;16;5;12;12
Mariana Duque-Marino;57;32;43;14;2;5;42;44;4;14;13
Maria-Teresa Torro-Flor;77;32;23;7;0;0;24;17;6;9;3
Maria-Teresa Torro-Flor;74;17;26;5;0;1;6;17;2;8;1
Marin Cilic;58;57;42;30;22;4;63;53;5;8;21
Marin Cilic;50;50;50;32;15;7;15;7;7;15;
Marin Cilic;50;26;50;20;5;1;35;15;7;12;13
Marin Cilic;51;32;49;23;8;3;32;15;5;7;5
Marin Cilic;59;43;41;27;6;4;34;56;2;9;20
Marina Erakovic;66;23;34;8;6;2;29;10;5;6;5
Marina Erakovic;50;15;50;8;2;5;15;27;1;10;3
Marina Erakovic;48;25;52;21;2;5;38;38;6;11;6
Marina Erakovic;59;35;41;17;6;5;28;45;4;6;5
Marina Erakovic;64;37;36;15;4;6;31;44;3;9;11
Marinko Matosevic;61;69;39;29;14;9;46;63;3;9;16
Marinko Matosevic;59;29;41;10;1;5;20;42;5;8;15
Marinko Matosevic;59;44;41;27;7;3;;;3;9;34
Marion Bartoli;62;14;38;8;1;5;9;19;1;3;5
Marion Bartoli;62;54;38;25;4;12;40;45;7;14;12
Marion Bartoli;62;34;38;14;0;5;15;24;5;11;16
Martin Alund;57;31;43;17;1;2;24;41;2;7;11
Martin Klizan;54;25;46;21;9;2;27;10;2;5;1
Martin Klizan;58;49;42;34;16;5;16;5;5;14;
Martin Klizan;53;32;47;21;6;4;36;38;0;3;18
Martin Klizan;49;29;51;22;7;4;32;37;6;11;13
Martin Klizan;56;30;44;25;6;5;32;57;4;7;15
Martin Klizan;47;10;53;10;4;5;;;0;9;8
Mathilde Johansson;68;29;32;9;;7;26;36;6;15;6
Mathilde Johansson;73;17;27;4;;3;11;18;1;1;1
Matthew Ebden;67;58;33;23;7;7;45;55;6;12;28
Matthew Ebden;68;64;32;19;8;3;30;43;3;11;26
Maxime Teixeira;64;37;36;12;4;5;26;42;5;8;11
Maximo Gonzalez;65;45;35;13;9;4;;;6;16;12
Maximo Gonzalez;68;51;32;17;3;4;;;4;10;14
Melanie Oudin;63;27;37;9;0;3;24;29;8;13;5
Melanie Oudin;65;12;35;7;1;2;18;31;3;8;7
Melinda Czink;57;23;43;12;1;4;18;26;2;6;11
Michael Berrer;63;39;37;19;9;6;9;6;5;12;
Michael Berrer;68;47;32;17;6;3;29;25;2;4;37
Michael Llodra;72;47;28;12;10;5;10;5;0;2;
Michael Llodra;58;56;42;16;17;6;59;46;7;18;38
Michael Llodra;61;59;39;32;14;4;44;26;2;7;28
Michael Llodra;63;31;37;12;2;6;;;1;2;33
Michael Russell;50;24;50;19;1;8;1;8;1;7;
Michael Russell;69;35;31;9;3;4;22;32;3;12;10
Michael Russell;59;37;41;17;6;4;;;1;3;30
Michal Przysiezny;69;48;31;17;15;0;15;0;5;8;
Michal Przysiezny;58;50;42;24;12;6;46;63;2;7;22
Michal Przysiezny;67;75;33;27;13;4;57;31;4;12;29
Michal Przysiezny;64;27;36;8;3;0;14;34;2;3;6
Michal Przysiezny;58;52;42;27;14;2;;;4;6;
Mikhail Kukushkin;55;55;45;23;2;3;2;3;4;14;
Mikhail Kukushkin;51;35;49;27;4;5;;;9;11;
Mikhail Kukushkin;57;42;43;29;7;0;;;3;3;
Mikhail Kukushkin;51;50;49;27;4;3;;;6;8;15
Mikhail Youzhny;69;39;31;17;5;2;11;30;7;9;5
Mikhail Youzhny;55;55;45;36;14;5;48;46;3;7;14
Mikhail Youzhny;65;70;35;20;11;5;71;52;6;20;26
Mikhail Youzhny;69;70;31;24;5;4;44;45;6;15;19
Mikhail Youzhny;64;40;36;21;3;3;42;29;4;8;16
Mikhail Youzhny;63;16;37;12;0;3;17;32;2;6;13
Mikhail Youzhny;64;50;36;20;8;3;;;3;11;
Mikhail Youzhny;52;33;48;23;8;3;;;7;19;
Mikhail Youzhny;57;43;43;21;9;6;;;7;12;12
Mikhail Youzhny;59;55;41;29;9;6;;;10;14;26
Mikhail Youzhny;56;29;44;23;2;4;;;2;10;10
Milos Raonic;64;56;36;17;21;7;48;29;7;20;21
Milos Raonic;64;57;36;23;27;2;63;36;2;6;17
Milos Raonic;59;55;41;30;21;5;50;39;1;3;22
Milos Raonic;73;55;27;14;16;2;61;36;6;9;32
Milos Raonic;63;62;37;25;24;5;75;42;4;12;33
Milos Raonic;57;49;43;29;16;1;50;38;1;4;13
Milos Raonic;63;51;37;19;28;4;;;3;12;12
Milos Raonic;63;44;37;12;9;2;;;6;18;33
Milos Raonic;67;66;33;19;28;6;;;4;8;23
Milos Raonic;56;83;44;46;39;11;;;6;22;47
Mirjana Lucic-Baroni;43;17;57;8;2;10;11;26;0;7;0
Mirjana Lucic-Baroni;56;15;44;8;3;2;12;44;1;6;0
Misaki Doi;52;12;48;5;1;3;10;26;1;8;0
Misaki Doi;62;16;38;9;0;2;10;11;1;4;7
Mona Barthel;69;41;31;10;2;3;33;30;3;6;8
Mona Barthel;63;44;37;18;3;6;25;33;4;5;11
Mona Barthel;60;22;40;13;4;6;22;45;2;4;6
Mona Barthel;57;30;43;16;1;0;37;35;1;4;13
Monica Niculescu;82;15;18;4;;1;18;21;2;2;5
Monica Niculescu;82;26;18;3;1;0;10;13;7;10;10
Monica Niculescu;66;35;34;9;0;6;8;18;7;14;12
Monica Niculescu;70;23;30;8;1;3;9;34;4;4;4
Monica Puig;61;30;39;13;8;5;25;27;4;5;6
Monica Puig;45;21;55;16;5;6;19;38;0;0;11
Monica Puig;52;40;48;21;4;6;21;36;6;9;3
Monica Puig;52;26;48;21;1;2;15;21;3;7;1
Monica Puig;59;24;41;12;1;2;21;31;3;5;7
N Li;68;43;32;14;5;8;44;42;14;7;23
N Li;63;20;37;10;0;4;8;24;4;1;19
N Li;58;17;42;8;3;2;20;12;7;7;12
N Li;58;19;42;13;4;1;29;17;10;5;17
N Li;62;19;48;13;6;1;28;13;10;4;13
N Li;65;29;35;10;11;6;23;21;7;4;9
N.Almagro;69;71;31;20;21;4;55;17;10;5;29
N.Almagro;72;58;28;8;18;3;32;18;1;1;19
N.Almagro;55;43;45;29;11;4;36;14;10;2;21
N.Bratchikova;65;20;35;8;2;4;24;30;6;2;19
N.Djokovic;65;44;35;17;13;3;40;16;13;6;22
N.Djokovic;74;40;26;12;8;1;38;3;16;5;21
N.Djokovic;59;39;41;22;12;0;41;12;18;4;20
N.Djokovic;63;41;37;26;5;;40;20;11;3;26
N.Djokovic;65;40;35;15;4;4;31;40;13;4;52
N.Djokovic;61;42;39;21;16;1;36;13;10;4;17
N.Djokovic;69;102;31;21;22;2;80;48;15;3;56
N.Li;62;24;38;11;2;4;29;12;7;5;18
N.Li;77;57;23;13;1;4;58;40;10;4;71
N.Li;69;43;31;15;4;3;28;28;10;7;10
N.Li;61;21;39;10;0;1;26;10;7;6;19
N.Li;73;29;27;7;0;4;24;14;11;6;15
N.Mahut;65;48;35;18;17;3;39;19;2;0;54
N.Mahut;72;44;28;10;17;3;41;18;8;5;26
N.Petrova;60;20;40;8;6;0;17;11;1;0;9
Na Li;76;24;24;7;3;0;20;18;5;12;13
Na Li;60;27;40;12;4;2;30;31;5;7;2
Na Li;60;43;40;18;5;6;17;50;4;10;8
Na Li;80;26;20;4;1;1;18;14;5;7;8
Na Li;64;23;36;10;1;1;23;17;5;8;7
Na Li;61;27;39;11;4;5;35;23;6;10;11
Na Li;60;21;40;15;2;3;34;30;5;10;8
Na Li;71;31;29;7;;3;26;37;6;10;13
Na Li;63;34;37;17;3;5;20;34;5;9;2
Nadia Petrova;58;37;42;16;12;3;29;50;5;8;5
Nadiya Kichenok;63;27;37;11;4;7;24;43;2;8;11
Nick Kyrgios;54;60;46;25;34;13;71;52;6;8;5
Nick Kyrgios;66;86;34;27;24;11;59;74;2;10;21
Nick Kyrgios;56;64;44;35;10;7;46;38;1;3;9
Nick Kyrgios;64;33;36;10;3;4;14;23;0;3;2
Nick Kyrgios;69;44;31;9;8;3;;;1;3;13
Nicolas Almagro;53;50;47;28;13;6;40;37;4;7;6
Nicolas Almagro;64;36;36;14;7;5;;;3;9;
Nicolas Almagro;63;71;37;31;7;1;69;67;6;13;19
Nicolas Almagro;69;50;31;12;19;2;43;20;5;13;12
Nicolas Almagro;46;36;54;30;9;6;41;45;5;12;11
Nicolas Mahut;64;63;36;23;7;4;49;57;6;15;24
Nicolas Mahut;63;50;37;22;6;5;;;1;3;
Nikolay Davydenko;77;76;23;11;6;4;6;4;7;24;
Nikolay Davydenko;77;48;23;11;6;1;39;43;4;5;9
Nikolay Davydenko;67;50;33;16;3;3;28;27;5;7;5
Nikolay Davydenko;65;41;35;18;2;1;22;28;5;14;15
Nikolay Davydenko;76;46;24;9;3;0;36;38;2;3;11
Nikolay Davydenko;57;57;43;28;7;6;;;8;14;
Nikolay Davydenko;51;25;49;18;2;4;;;1;6;
Nina Bratchikova;69;15;31;4;0;1;6;24;0;2;5
Novak Djokovic;68;45;32;17;10;0;40;30;4;8;8
Novak Djokovic;66;36;34;17;12;2;30;11;5;6;5
Novak Djokovic;63;38;37;20;6;1;31;23;5;8;16
Novak Djokovic;72;38;28;12;7;2;33;21;6;22;12
Novak Djokovic;73;75;27;23;7;1;45;60;4;7;26
Novak Djokovic;69;53;31;20;5;0;26;31;3;11;13
Novak Djokovic;72;38;28;10;1;2;29;26;7;16;17
Novak Djokovic;68;39;32;13;2;0;13;22;7;16;6
Novak Djokovic;74;71;26;23;2;2;38;42;4;8;13
Novak Djokovic;64;41;36;22;11;0;46;25;5;12;22
Novak Djokovic;67;76;33;30;5;2;54;75;5;9;32
Novak Djokovic;68;36;32;14;10;1;;;7;14;15
Novak Djokovic;74;48;26;11;13;2;;;5;14;15
Novak Djokovic;68;30;32;12;3;2;;;8;13;22
Novak Djokovic;68;49;32;19;5;1;;;7;12;27
Novak Djokovic;67;64;33;25;9;6;;;4;19;29
Novak Djokovic;68;40;32;16;6;2;;;3;11;22
O Govortsova;68;22;42;6;3;4;11;17;0;0;6
O Rogowska;47;8;53;4;1;6;13;38;2;0;5
O.Govortsova;58;30;42;16;0;5;20;26;5;4;20
O.Puchkova;56;9;44;3;0;5;8;12;4;2;10
O.Puchkova;69;24;31;4;;7;17;26;10;7;4
O.Rochus;62;30;38;17;0;0;17;14;0;0;4
Olga Govortsova;62;42;38;16;1;9;57;42;7;16;9
Olga Govortsova;70;20;30;6;0;1;18;26;1;2;13
Olga Govortsova;68;35;32;8;10;4;10;4;4;12;
Olga Puchkova;62;11;38;3;;4;4;25;1;7;0
Olivia Rogowska;63;25;37;10;2;6;21;31;6;13;4
Olivia Rogowska;61;26;39;14;5;2;22;36;3;5;8
P Kvitova;52;18;48;10;4;7;20;27;0;0;13
P Kvitova;73;47;27;11;3;4;29;29;11;5;16
P Ormaechea;41;9;59;15;0;4;2;16;6;1;7
P Ormaechea;59;32;41;10;2;5;24;35;13;6;8
P.Andujar;60;32;40;12;1;3;15;20;0;0;15
P.Cetkovska;69;28;31;7;6;1;30;14;9;4;11
P.Cetkovska;56;23;44;17;0;2;14;15;7;4;14
P.Cetkovska;71;31;29;7;1;3;30;13;8;4;15
P.Kohlschreiber;57;75;43;37;14;3;60;34;6;1;39
P.Kvitova;70;40;30;10;5;3;23;21;2;2;18
P.Kvitova;72;50;28;11;2;2;41;28;3;2;39
P.Kvitova;67;40;33;17;2;5;32;31;15;5;24
P.Kvitova;63;30;37;8;2;4;26;19;8;3;10
P.Lorenzi;54;40;46;22;4;2;22;15;6;0;23
P.Martic;54;24;46;15;5;8;27;23;11;4;21
P.Martic;50;20;50;14;3;7;30;27;14;3;40
P.Martic;59;32;41;14;10;6;29;19;11;5;15
P.Parmentier;62;16;38;10;3;3;16;12;3;1;13
P.Petzschner;65;31;35;11;3;0;19;26;4;1;26
Pablo Andujar;73;40;27;15;2;1;2;1;7;12;
Pablo Andujar;79;71;21;20;11;1;57;28;3;11;17
Pablo Andujar;56;49;44;27;2;4;28;39;3;12;11
Pablo Andujar;60;44;40;19;5;3;;;5;9;
Pablo Andujar;64;32;36;17;2;5;;;1;7;10
Pablo Carreno Busta;53;46;47;35;7;7;47;58;4;5;19
Pablo Carreno-Busta;62;27;38;11;1;3;12;29;1;3;9
Pablo Cuevas;51;39;49;24;17;6;;;0;1;5
Pablo Cuevas;59;67;41;27;5;6;54;57;6;20;14
Pablo Cuevas;56;37;44;19;2;4;23;39;2;5;8
Paolo Lorenzi;48;27;52;11;2;6;;;2;4;9
Paolo Lorenzi;46;42;54;31;6;8;39;54;10;18;19
Patricia Mayr-Achleitner;71;48;29;14;0;1;0;1;5;12;
Paula Ormaechea;57;26;43;7;2;7;2;7;2;3;
Paula Ormaechea;49;25;51;21;3;4;35;30;6;15;13
Paula Ormaechea;64;27;36;14;1;3;17;26;6;9;3
Paula Ormaechea;55;32;45;8;3;8;18;28;3;4;0
Paul-Henri Mathieu;56;29;44;16;7;8;;;1;3;8
Paul-Henri Mathieu;54;58;46;36;7;8;60;71;5;15;24
Pauline Parmentier;63;16;37;4;3;6;3;6;0;2;
Pauline Parmentier;54;12;46;6;0;6;5;22;1;1;3
Pere Riba;60;38;40;14;3;0;12;16;1;5;0
Peter Gojowczyk;55;67;45;30;15;8;;;4;10;
Peter Gojowczyk;55;44;45;22;8;6;36;59;1;6;5
Peter Gojowczyk;51;40;49;29;8;6;;;6;11;
Petra Cetkovska;54;29;46;20;5;2;29;19;6;14;9
Petra Cetkovska;63;26;37;11;1;5;29;37;4;13;9
Petra Cetkovska;69;25;31;8;;4;17;17;6;7;4
Petra Kvitova;60;36;40;15;3;8;32;40;4;12;12
Petra Kvitova;69;35;31;13;5;6;29;32;9;16;4
Petra Kvitova;53;20;47;13;4;4;30;26;6;11;9
Petra Kvitova;63;24;37;10;2;3;21;33;3;4;10
Petra Martic;50;8;50;4;2;6;7;34;0;2;3
Petra Martic;62;30;38;17;1;6;23;39;2;9;24
P-H.Mathieu;61;73;39;30;26;4;68;25;10;3;35
Philipp Kohlschreiber;55;48;45;28;4;3;48;48;2;13;17
Philipp Kohlschreiber;58;31;42;16;10;4;;;7;12;16
Philipp Kohlschreiber;62;61;38;21;7;2;50;41;3;13;16
Philipp Kohlschreiber;59;43;41;20;6;1;40;23;6;9;19
Philipp Kohlschreiber;73;73;27;20;6;1;;;3;4;15
Philipp Kohlschreiber;63;58;37;26;12;1;;;0;1;22
Philipp Kohlschreiber;58;44;42;26;13;2;;;7;23;14
Philipp Petzschner;46;29;54;27;10;5;;;3;8;13
Philipp Petzschner;56;27;44;13;0;6;12;28;1;2;11
Polona Hercog;0;0;100;1;0;;1;1;;;0
R Vinci;51;25;49;16;0;0;14;23;16;5;17
R Vinci;60;21;40;7;0;3;14;28;5;2;34
R Vinci;54;19;46;15;6;0;12;9;8;4;5
R.Bautista Agut;75;63;25;16;6;1;31;25;10;4;20
R.Berankis;52;73;48;36;19;10;67;38;8;1;35
R.Dutra Silva;54;27;46;17;1;3;17;22;2;0;21
R.Federer;72;91;28;24;16;1;57;13;8;1;54
R.Federer;70;35;30;14;7;0;32;6;8;6;25
R.Gasquet;65;65;35;22;8;1;60;28;16;5;46
R.Gasquet;69;83;31;27;15;3;73;25;8;1;64
R.Gasquet;57;47;43;23;11;5;54;21;18;9;28
R.Haase;68;61;32;15;7;2;32;29;2;0;29
R.Harrison;65;70;35;30;18;2;43;17;3;1;49
R.Nadal;67;52;33;21;6;3;32;24;7;2;36
R.Oprandi;68;34;32;12;2;1;34;22;11;4;13
R.Ram;77;68;23;11;10;3;35;21;3;1;70
R.Ram;67;64;33;23;16;0;52;21;16;5;50
R.Stepanek;66;37;34;17;8;1;35;19;12;5;43
R.Vinci;58;47;42;15;6;3;30;30;20;7;59
R.Vinci;56;18;44;17;2;2;18;11;9;5;23
R.Vinci;57;24;43;14;4;3;23;6;7;5;20
R.Vinci;64;12;36;5;0;2;8;4;4;1;13
Radek Stepanek;51;37;49;29;5;11;51;54;4;11;22
Radek Stepanek;63;62;37;29;5;4;41;44;1;6;19
Radek Stepanek;66;37;34;16;1;3;;;3;7;37
Rafael Nadal;62;14;38;6;5;1;13;5;1;1;5
Rafael Nadal;74;45;26;11;7;1;39;19;5;10;11
Rafael Nadal;67;38;33;20;2;0;21;18;6;12;9
Rafael Nadal;71;67;29;14;12;1;36;28;5;8;10
Rafael Nadal;73;66;27;22;3;7;42;47;4;11;32
Rafael Nadal;65;41;35;22;3;1;28;25;4;14;3
Rafael Nadal;78;50;22;10;1;3;19;32;2;6;5
Rafael Nadal;84;74;16;12;2;4;40;26;3;8;19
Rafael Nadal;74;55;26;10;5;2;27;29;7;10;14
Rafael Nadal;78;52;22;14;5;1;24;40;5;18;15
Rafael Nadal;69;39;31;16;1;0;20;25;5;8;6
Rafael Nadal;75;40;25;11;5;0;31;17;7;12;13
Rafael Nadal;64;73;36;35;6;3;61;44;8;16;15
Rafael Nadal;70;43;30;11;5;2;35;25;8;16;13
Rafael Nadal;72;42;28;11;3;5;;;5;7;25
Rafael Nadal;69;30;31;11;3;0;;;8;14;9
Rafael Nadal;65;41;35;20;3;2;;;4;7;14
Rafael Nadal;66;54;34;26;3;0;;;5;21;23
Rafael Nadal;61;31;39;14;2;0;;;7;10;15
Rafael Nadal;71;51;29;16;3;1;;;4;4;22
Rafael Nadal;64;51;36;24;1;1;;;7;12;17
Rajeev Ram;66;66;34;22;11;2;;;4;10;45
Rajeev Ram;73;40;27;10;8;1;;;7;16;20
Rhyne Williams;57;52;43;25;29;1;55;39;1;2;12
Rhyne Williams;67;66;33;21;19;2;45;33;1;10;6
Rhyne Williams;55;56;45;26;11;9;;;6;12;
Ricardas Berankis;50;39;50;26;10;3;28;38;1;3;17
Ricardas Berankis;53;58;47;38;13;10;72;56;4;13;33
Ricardas Berankis;53;18;47;9;3;4;;;1;8;7
Richard Gasquet;67;42;33;14;12;;32;20;7;10;8
Richard Gasquet;58;41;42;21;9;5;33;37;6;11;10
Richard Gasquet;62;61;38;28;4;5;62;34;3;9;44
Richard Gasquet;67;36;33;16;3;1;26;13;6;10;21
Richard Gasquet;59;32;41;14;9;3;39;15;8;13;6
Richard Gasquet;68;40;32;19;5;3;27;18;5;10;17
Richard Gasquet;60;87;40;38;10;2;57;46;2;11;37
Richard Gasquet;63;45;37;16;7;7;;;5;16;18
Richard Gasquet;58;50;42;22;8;6;;;6;12;14
Richard Gasquet;64;42;36;21;14;4;;;4;11;14
Richard Gasquet;59;81;41;45;6;9;;;5;21;31
Richard Gasquet;59;57;41;31;6;3;;;6;14;30
Richard Gasquet;64;41;36;15;6;4;;;1;6;24
Roberta Vinci;66;23;34;7;3;3;20;28;3;10;7
Roberta Vinci;60;20;40;12;0;2;10;10;4;5;6
Roberta Vinci;56;35;44;18;1;1;19;15;4;5;20
Roberta Vinci;62;32;38;18;4;2;34;25;6;12;8
Roberta Vinci;68;20;32;9;1;1;13;12;0;1;10
Roberto Bautista Agut;82;37;18;7;1;1;1;1;8;18;
Roberto Bautista Agut;69;88;31;23;12;6;72;59;5;8;20
Roberto Bautista Agut;83;46;17;7;4;1;21;23;7;20;11
Roberto Bautista Agut;64;44;36;22;5;1;27;45;1;5;13
Roberto Bautista Agut;83;51;17;6;6;0;27;18;5;14;5
Roberto Bautista Agut;79;42;21;8;1;0;17;11;0;0;14
Roberto Bautista Agut;75;44;25;12;1;1;;;6;10;
Roberto Bautista Agut;62;42;38;20;2;5;;;3;8;21
Robin Haase;67;56;33;18;11;6;38;56;1;4;13
Robin Haase;65;59;35;25;8;6;35;31;3;8;17
Robin Haase;68;51;32;21;1;0;23;28;3;10;17
Robin Haase;58;65;42;34;19;4;;;3;15;
Roger Federer;58;40;42;19;11;5;30;17;4;17;18
Roger Federer;76;45;24;9;11;0;52;35;6;11;23
Roger Federer;62;39;38;16;6;1;35;18;5;14;11
Roger Federer;57;42;43;25;7;1;43;21;3;7;34
Roger Federer;64;61;36;28;10;0;54;42;4;17;49
Roger Federer;66;45;34;18;8;1;34;50;1;2;23
Roger Federer;68;33;32;14;10;0;33;19;7;7;14
Roger Federer;62;30;38;18;3;;54;33;7;14;19
Roger Federer;65;42;35;22;7;0;38;21;4;4;8
Roger Federer;64;56;36;23;9;2;60;56;6;14;25
Roger Federer;67;39;33;14;0;3;25;34;2;3;15
Roger Federer;60;41;40;21;12;2;;;5;11;20
Roger Federer;52;27;48;22;6;2;;;7;13;28
Roger Federer;57;36;43;15;8;4;;;6;14;19
Roger Federer;60;38;40;16;5;0;;;2;16;32
Rogerio Dutra Silva;65;31;35;13;1;2;17;32;3;6;15
Rogerio Dutra Silva;58;64;42;39;3;3;;;6;16;
Rogerio Dutra Silva;58;21;42;12;2;5;;;0;1;4
Romina Oprandi;67;35;33;7;2;3;26;32;5;11;8
Ryan Harrison;62;42;38;17;2;1;19;23;0;0;13
Ryan Harrison;56;46;44;26;6;2;29;20;4;8;12
Ryan Harrison;64;88;36;32;9;9;52;37;1;7;13
Ryan Harrison;62;41;38;10;11;2;;;0;2;12
S Arvidsson;67;18;33;8;1;2;4;19;2;1;3
S Cirstea;58;19;42;6;2;2;14;35;4;3;9
S Errani;93;16;7;1;0;1;12;18;9;2;16
S Errani;69;21;31;7;0;2;7;8;8;6;3
S Halep;75;22;25;8;1;1;18;32;10;3;15
S Halep;81;23;19;3;3;1;13;8;7;6;5
S Halep;73;40;27;7;5;6;16;42;13;7;5
S Kuznetsova;63;26;37;12;5;1;15;23;11;4;5
S Kuznetsova;55;21;45;10;4;3;24;35;8;1;24
S Kuznetsova;54;39;46;19;5;3;41;39;13;6;34
S Lisicki;56;28;44;12;7;3;25;30;6;1;11
S Lisicki;42;24;58;15;8;6;33;25;6;4;16
S Lisicki;43;22;57;22;5;6;30;30;12;5;12
S Peng;71;44;29;14;0;1;22;30;7;3;20
S Peng;54;18;46;16;3;0;35;30;14;5;27
S Stephens;70;25;30;8;2;2;12;15;9;6;8
S Stephens;66;28;34;8;0;4;15;29;2;1;12
S Stephens;58;48;42;26;6;6;38;55;9;4;19
S Stephens;67;20;33;8;2;0;24;11;10;5;16
S Stosur;63;45;37;17;9;10;29;56;16;5;22
S Williams;57;44;43;20;9;5;36;35;12;7;13
S Williams;63;26;37;9;4;1;19;20;11;5;11
S Williams;66;28;44;7;6;1;22;16;8;4;13
S Williams;64;21;36;11;4;1;16;13;7;5;8
S Williams;51;13;49;12;1;0;13;8;9;6;8
S Williams;62;26;38;11;6;4;22;13;10;4;13
S.Arvidsson;73;19;27;6;1;0;7;10;8;0;4
S.Bolelli;59;34;41;13;4;2;20;28;0;0;12
S.Cirstea;58;40;42;16;3;6;19;24;15;5;18
S.Cirstea;59;32;41;15;1;3;29;29;12;5;25
S.Darcis;60;53;40;28;13;2;53;24;11;3;46
S.Errani;75;28;25;6;0;3;13;15;6;1;11
S.Giraldo;73;76;27;30;13;0;47;39;9;5;27
S.Halep;71;28;29;8;1;1;18;6;9;3;6
S.Halep;56;29;44;15;4;5;32;20;13;6;19
S.Johnson;55;76;45;39;25;8;76;55;11;2;36
S.Lisicki;60;27;40;11;5;4;25;17;8;4;13
S.Lisicki;65;22;35;9;6;5;21;25;8;2;18
S.Lisicki;63;53;37;19;9;7;60;46;14;6;44
S.Lisicki;61;38;39;20;10;3;35;25;8;5;16
S.Lisicki;59;26;41;10;3;4;23;19;5;4;12
S.Lisicki;65;28;35;10;4;1;24;10;6;5;10
S.Lisicki;68;39;32;13;8;1;34;13;9;4;27
S.Murray;58;28;42;16;4;6;18;27;1;0;10
S.Peng;74;30;26;9;4;1;17;16;3;0;8
S.Peng;70;44;30;9;7;1;29;21;4;3;21
S.Querrey;64;81;36;28;36;5;79;43;13;4;42
S.Robert;61;42;39;23;4;4;29;27;4;0;30
S.Robert;68;50;32;13;5;4;37;30;15;7;24
S.Soler-Espinosa;50;10;50;10;1;4;9;19;3;1;
S.Soler-Espinosa;58;33;42;10;1;3;25;28;13;6;20
S.Soler-Espinosa;57;38;43;18;2;4;36;27;6;1;17
S.Stakhovsky;66;83;34;36;17;2;72;17;7;2;96
S.Stakhovsky;62;45;38;21;14;6;44;20;9;3;65
S.Stakhovsky;62;38;38;20;7;2;29;15;8;5;41
S.Stephens;64;48;36;19;8;4;25;39;7;6;31
S.Stephens;73;34;27;6;4;2;16;15;6;4;13
S.Stephens;79;32;21;3;2;4;10;17;5;1;10
S.Stephens;63;24;37;5;3;3;21;19;8;4;10
S.Stephens;63;46;37;13;6;6;25;31;12;5;15
S.Stosur;65;25;35;8;5;0;25;10;10;4;26
S.Stosur;69;20;31;11;3;2;22;10;6;6;12
S.Stosur;61;32;39;15;3;4;20;14;5;1;16
S.Voegele;51;29;49;19;1;3;13;32;10;4;18
S.Wawrinka;60;41;40;20;12;2;44;37;10;2;21
S.Williams;73;23;27;7;7;1;25;11;6;5;13
S.Williams;62;31;38;16;7;2;25;23;16;5;24
S.Williams;64;21;36;8;8;1;28;12;9;6;9
S.Williams;71;25;29;8;9;0;30;9;9;4;11
Sabine Lisicki;52;32;48;15;7;6;28;24;4;8;10
Sabine Lisicki;53;23;47;14;10;6;43;56;5;6;19
Sabine Lisicki;52;27;48;15;4;3;37;30;3;6;13
Sabine Lisicki;68;26;32;8;2;3;32;33;6;12;8
Sabine Lisicki;46;15;54;7;1;3;25;34;1;7;8
Sachia Vickery;51;14;49;12;;3;8;36;3;5;5
Sam Querrey;63;60;37;22;24;4;47;45;4;7;14
Sam Querrey;72;45;28;11;19;4;30;21;5;9;6
Sam Querrey;63;43;37;19;10;1;27;41;1;4;11
Sam Querrey;58;39;42;19;10;1;42;37;4;7;12
Sam Querrey;62;45;38;14;8;6;39;28;7;12;9
Sam Querrey;58;60;42;21;9;7;61;50;7;14;21
Sam Querrey;58;60;42;26;24;4;;;4;18;16
Sam Querrey;58;77;42;34;25;7;;;1;8;15
Samantha Stosur;65;28;35;11;6;1;19;18;7;10;7
Samantha Stosur;59;20;41;10;4;3;23;15;5;13;13
Samantha Stosur;68;42;32;22;3;2;21;30;1;4;11
Samantha Stosur;59;19;41;12;1;0;21;18;5;8;7
Samantha Stosur;75;40;25;6;0;4;26;22;2;10;14
Samantha Stosur;70;35;30;16;2;2;28;39;4;7;20
Samuel Groth;65;40;35;17;16;4;35;25;0;2;20
Sandra Zahlavova;69;18;31;7;2;1;13;24;0;3;5
Santiago Giraldo;65;51;35;22;9;3;35;41;2;7;6
Santiago Giraldo;64;30;36;12;4;0;19;26;0;3;1
Santiago Giraldo;58;63;42;30;9;6;;;6;9;18
Sara Errani;77;21;23;5;1;0;6;11;2;5;4
Sara Errani;85;18;15;3;;0;14;15;7;9;3
Sara Errani;87;28;13;3;;0;22;7;6;10;9
Sara Errani;89;34;11;2;1;0;14;7;5;7;5
Sara Errani;91;57;9;4;;1;33;27;7;10;14
Sara Errani;84;41;16;3;0;0;30;25;6;7;16
Sara Errani;80;10;20;1;0;;2;3;0;0;2
Serena Williams;59;20;41;8;6;2;31;17;5;10;10
Serena Williams;66;28;34;8;10;2;24;19;4;7;3
Serena Williams;48;20;52;15;10;2;25;21;4;7;4
Serena Williams;66;43;34;13;13;4;22;31;2;3;10
Serena Williams;73;21;27;7;8;1;27;14;5;11;1
Serena Williams;69;23;31;9;6;1;27;9;4;10;3
Serena Williams;67;22;33;10;3;2;13;16;5;6;3
Serena Williams;62;24;38;12;5;1;32;21;4;10;13
Serena Williams;66;42;34;12;4;5;37;28;6;16;12
Serena Williams;52;14;48;14;5;;40;12;5;7;8
Serena Williams;69;27;31;8;10;0;29;21;4;15;10
Sergiy Stakhovsky;55;50;45;21;14;8;14;8;3;6;
Sergiy Stakhovsky;55;22;45;17;1;1;16;30;1;4;12
Sergiy Stakhovsky;53;62;47;33;7;9;;;3;14;
Shahar Peer;80;21;20;2;2;1;23;38;3;7;9
Shahar Peer;56;15;44;7;1;4;17;24;1;2;2
Shelby Rogers;67;38;33;14;2;1;37;38;5;10;11
Shelby Rogers;58;26;42;15;5;1;21;18;2;6;9
Shuai Peng;63;40;37;16;3;5;36;54;6;10;4
Shuai Peng;54;28;46;14;2;3;13;15;4;8;5
Shuai Peng;73;22;27;5;0;3;9;18;3;5;4
Shuai Zhang;75;31;25;8;2;1;17;21;2;6;8
Silvia Soler-Espinosa;50;18;50;14;3;2;11;23;0;3;6
Silvia Soler-Espinosa;56;23;44;15;;2;17;15;4;11;4
Silvia Soler-Espinosa;53;13;47;10;0;2;10;30;1;7;7
Simona Halep;74;34;26;9;1;5;25;26;4;10;4
Simona Halep;67;13;33;6;2;1;9;25;1;3;1
Simona Halep;64;26;36;14;0;4;22;28;6;13;4
Simona Halep;52;18;48;13;1;3;18;20;6;6;3
Simona Halep;58;29;42;16;0;3;10;19;6;15;1
Simona Halep;61;21;39;9;3;2;13;14;5;9;1
Simone Bolelli;63;33;37;12;4;;18;27;1;1;5
Sloane Stephens;75;31;25;7;1;1;22;27;6;12;1
Sloane Stephens;69;31;31;10;1;0;24;32;4;9;10
Sloane Stephens;72;24;28;9;0;0;20;32;0;2;6
Sloane Stephens;71;39;29;14;3;3;25;36;5;10;10
Sloane Stephens;65;28;35;12;1;4;15;25;1;3;2
Sloane Stephens;78;58;22;11;2;2;30;33;5;6;9
Sloane Stephens;75;26;25;5;1;;29;17;5;8;7
Sloane Stephens;65;22;35;10;;2;9;16;5;7;1
Sofia Arvidsson;70;29;30;10;1;0;7;14;1;6;4
Somdev Devvarman;52;34;48;28;6;1;6;1;2;7;
Somdev Devvarman;62;54;38;22;7;3;26;20;5;8;12
Somdev Devvarman;61;19;39;16;2;;12;14;0;3;3
Somdev Devvarman;56;60;44;31;5;3;;;8;12;27
Somdev Devvarman;56;41;44;24;7;4;;;5;18;13
Sorana Cirstea;57;25;43;13;5;1;20;32;3;14;6
Sorana Cirstea;65;40;35;21;3;3;22;37;7;13;12
Sorana Cirstea;54;27;46;14;1;1;20;22;4;5;3
Sorana Cirstea;56;13;44;6;0;6;3;19;0;3;3
Stanislas Wawrinka;63;20;37;6;4;1;23;11;4;9;13
Stanislas Wawrinka;56;57;44;31;9;4;61;46;6;17;23
Stanislas Wawrinka;56;54;44;24;14;3;57;37;2;5;17
Stanislas Wawrinka;58;71;42;36;17;5;51;60;5;10;20
Stanislas Wawrinka;61;72;39;32;18;4;57;49;1;4;14
Stanislas Wawrinka;55;46;45;22;19;2;53;49;5;15;11
Stanislas Wawrinka;69;74;31;24;9;3;55;50;4;15;35
Stanislas Wawrinka;66;52;34;18;19;6;50;33;3;6;13
Stanislas Wawrinka;58;54;42;31;9;2;48;29;5;14;24
Stanislas Wawrinka;63;81;37;41;13;6;92;55;4;20;31
Stanislas Wawrinka;60;30;40;12;3;4;23;40;1;5;16
Stanislas Wawrinka;51;32;49;27;7;2;;;6;13;11
Stanislas Wawrinka;60;51;40;25;9;5;;;3;7;25
Stanislas Wawrinka;52;55;48;37;11;5;;;5;15;25
Stanislas Wawrinka;58;55;42;27;14;6;;;6;11;11
Stanislas Wawrinka;55;37;45;20;4;4;;;4;11;31
Stanislas Wawrinka;50;68;50;48;8;7;;;5;9;26
Stefanie Voegele;58;13;42;9;0;1;15;9;1;6;4
Stefanie Voegele;52;30;48;19;0;2;25;38;3;7;18
Stefanie Voegele;42;11;58;1;3;1;12;22;1;5;2
Stefanie Voegele;64;41;36;16;4;4;21;24;3;14;9
Stefanie Voegele;66;32;34;13;7;1;19;20;3;12;5
Stephane Robert;46;25;54;21;4;2;22;22;9;17;11
Stephane Robert;58;56;42;30;13;8;43;28;6;17;13
Stephane Robert;72;54;28;11;7;5;35;23;4;10;14
Stephane Robert;51;39;49;22;3;8;33;56;1;6;20
Stephane Robert;61;44;39;19;3;2;;;4;13;
Stephane Robert;53;35;47;19;8;5;;;3;10;20
Stephanie Foretz Gacon;66;16;34;5;5;2;20;29;0;0;7
Steve Darcis;71;49;29;23;3;1;35;18;4;6;21
Steve Johnson;53;50;47;28;21;12;21;12;4;6;
Steve Johnson;55;53;45;32;5;7;56;41;4;5;19
Steve Johnson;48;56;52;40;12;10;;;1;5;24
Storm Sanders;63;35;37;12;2;3;13;34;2;7;4
Su-Wei Hsieh;62;18;38;5;0;3;8;8;0;0;1
Su-Wei Hsieh;58;33;42;15;1;5;14;39;1;4;11
Svetlana Kuznetsova;48;20;52;11;1;4;17;24;2;4;4
Svetlana Kuznetsova;54;15;46;15;3;2;31;18;6;10;5
Svetlana Kuznetsova;79;36;21;7;1;1;30;30;5;8;9
Svetlana Kuznetsova;67;29;33;11;7;5;24;24;4;7;8
Svetlana Kuznetsova;77;28;23;7;1;1;19;24;4;9;3
Svetlana Kuznetsova;63;46;37;17;3;1;48;37;5;12;16
S-W.Hsieh;53;14;47;9;0;2;13;16;8;1;15
S-W.Hsieh;63;17;37;10;1;1;23;13;14;6;13
T.Babos;51;25;49;15;7;8;19;47;6;4;13
T.Berdych;58;68;42;30;24;5;68;42;15;3;48
T.Berdych;53;33;47;27;6;4;31;25;2;2;31
T.Berdych;58;40;42;26;15;1;55;10;11;4;29
T.Berdych;53;54;47;27;11;5;50;19;18;5;34
T.Berdych;62;47;38;17;6;1;31;14;9;3;26
T.De Bakker;64;30;36;14;7;3;23;17;1;0;23
T.Gabashvili;58;40;42;21;5;5;38;52;8;2;26
T.Haas;64;56;36;18;17;3;45;13;6;3;19
T.Haas;76;63;24;18;18;2;43;22;10;5;38
T.Haas;73;43;27;14;4;2;25;26;7;2;35
T.Kamke;69;60;31;14;3;2;33;33;7;2;34
T.Maria;56;16;44;7;2;10;11;29;1;0;8
T.Moore;58;58;42;24;4;11;30;36;15;4;14
T.Paszek;66;19;34;6;1;6;20;40;5;2;9
T.Pironkova;55;37;45;18;5;1;52;27;6;2;46
T.Pironkova;68;37;32;10;3;2;25;18;6;2;19
T.Pironkova;57;34;43;21;1;0;27;20;9;6;24
T.Pironkova;60;18;40;13;5;0;19;2;9;5;7
T.Robredo;67;47;33;12;6;1;34;25;3;1;29
T.Robredo;77;40;23;12;6;0;25;11;14;5;14
T.Robredo;63;52;37;28;9;3;38;9;5;2;15
Tadeja Majeric;72;54;28;10;4;7;4;7;3;6;
Tamira Paszek;59;16;41;8;2;6;21;38;6;15;2
Tatjana Maria;60;30;40;18;5;2;17;32;2;3;12
Teliana Pereira;68;43;32;14;3;7;3;7;2;4;
Teymuraz Gabashvili;58;49;42;24;5;4;5;4;9;17;
Teymuraz Gabashvili;68;62;32;26;2;4;24;51;5;17;6
Teymuraz Gabashvili;69;38;31;10;3;5;27;33;0;5;7
Thanasi Kokkinakis;54;55;46;36;8;9;54;45;3;5;14
Thanasi Kokkinakis;67;33;33;10;4;3;21;24;0;3;8
Thiemo de Bakker;52;33;48;19;9;4;;;2;7;
Thiemo De Bakker;69;70;31;25;7;2;38;30;1;4;20
Thomas Fabbiano;66;46;34;17;0;7;;;1;5;13
Thomaz Bellucci;53;39;47;24;8;6;33;37;4;7;18
Thomaz Bellucci;45;31;55;34;9;5;19;29;1;4;13
Thomaz Bellucci;57;28;43;10;7;2;;;1;4;
Tim Smyczek;61;28;39;10;8;5;8;5;1;2;
Tim Smyczek;66;47;34;21;4;2;;;7;17;24
Tim Smyczek;63;73;37;26;21;3;;;5;16;28
Tim Smyczek;61;63;39;26;10;3;;;7;16;39
Timea Babos;60;46;40;17;8;11;8;11;5;24;
Tobias Kamke;49;51;51;36;6;8;6;8;2;12;
Tobias Kamke;62;53;38;15;4;6;42;55;10;22;14
Tobias Kamke;65;75;35;37;5;4;55;38;7;16;22
Tobias Kamke;53;55;47;39;10;7;;;4;15;14
Tobias Kamke;46;19;54;23;3;5;;;2;2;
Tomas Berdych;64;37;36;15;5;4;29;13;5;8;21
Tomas Berdych;66;39;34;19;9;0;35;17;4;14;13
Tomas Berdych;57;37;43;19;13;1;32;26;5;9;13
Tomas Berdych;52;33;48;21;4;3;38;17;5;17;15
Tomas Berdych;52;52;48;27;10;4;43;62;5;13;18
Tomas Berdych;62;71;38;30;21;7;60;49;0;1;23
Tomas Berdych;66;91;34;33;11;2;72;57;1;5;35
Tomas Berdych;56;34;44;12;10;3;;;8;15;21
Tomas Berdych;57;49;43;28;11;3;;;5;15;12
Tomas Berdych;58;39;42;14;11;1;;;6;14;13
Tomas Berdych;58;51;42;19;3;3;;;3;6;29
Tommy Haas;52;22;48;11;4;7;18;35;1;2;10
Tommy Haas;65;48;35;13;6;4;27;41;5;9;12
Tommy Haas;74;62;26;15;11;3;34;30;4;16;10
Tommy Haas;63;99;37;52;15;9;85;43;3;23;14
Tommy Haas;61;31;39;14;2;3;25;18;8;15;12
Tommy Haas;60;48;40;21;4;5;19;34;2;2;2
Tommy Haas;59;38;41;15;14;5;;;6;8;5
Tommy Haas;60;51;40;20;15;9;;;6;10;15
Tommy Haas;50;37;50;22;5;1;;;4;9;25
Tommy Robredo;57;62;43;43;13;0;50;38;6;18;15
Tommy Robredo;58;61;42;38;17;3;66;25;4;13;13
Tommy Robredo;65;70;35;21;16;3;51;38;3;7;18
Tommy Robredo;71;53;29;14;1;0;24;22;1;4;13
Tommy Robredo;65;37;35;12;6;3;32;7;6;15;8
Tommy Robredo;62;67;38;28;12;4;52;29;8;14;8
Tommy Robredo;70;74;30;30;4;2;50;52;6;17;28
Tommy Robredo;63;73;37;31;8;2;42;39;7;20;23
Tommy Robredo;59;22;41;9;2;2;9;28;0;1;4
Tommy Robredo;54;49;46;30;9;3;;;9;16;9
Tommy Robredo;64;39;36;12;9;3;;;7;11;9
Tommy Robredo;60;58;40;25;11;5;;;7;14;22
Tommy Robredo;70;61;30;17;6;4;;;4;7;11
Tommy Robredo;52;20;48;9;3;4;;;0;0;7
Tsvetana Pironkova;62;28;38;12;5;0;30;21;3;5;4
Tsvetana Pironkova;57;15;43;4;1;2;5;19;0;1;5
Tsvetana Pironkova;66;28;34;6;1;2;13;21;1;3;4
U Radwanska;67;10;33;7;0;1;5;15;0;0;10
U.Radwanska;68;39;32;15;2;2;26;18;20;9;18
Urszula Radwanska;67;20;33;9;0;1;6;15;2;10;5
Urszula Radwanska;68;48;32;16;;4;28;40;11;17;13
V Azarenka;60;20;40;9;1;4;17;15;11;7;13
V Azarenka;73;40;27;7;3;9;21;30;19;9;24
V Azarenka;68;48;32;17;2;6;24;38;18;4;30
V Azarenka;56;21;44;10;0;6;15;25;13;8;30
V Azarenka;57;31;43;23;2;7;17;27;8;4;15
V Azarenka;65;25;35;8;3;5;16;19;10;7;8
V Azarenka;51;16;49;12;1;1;14;10;14;6;12
V Dushevina;54;21;46;14;1;5;11;29;7;3;12
V Duval;63;49;37;19;0;7;23;35;13;6;20
V Duval;74;21;26;6;0;4;14;27;2;2;7
V Lepchenko;63;38;37;18;2;2;25;55;10;3;17
V Williams;52;39;48;26;4;6;29;44;14;4;27
V Williams;52;24;48;12;1;5;21;20;12;6;22
V.Azarenka;72;31;28;4;3;9;25;14;16;6;8
V.Dolonc;72;33;28;11;2;3;17;18;7;5;16
V.Dolonc;65;11;35;8;0;2;14;18;8;4;28
V.Dolonc;69;33;31;12;2;5;34;26;12;6;10
V.Hanescu;85;26;15;3;3;1;14;13;0;0;22
V.King;68;45;32;15;0;4;32;45;4;1;48
V.Lepchenko;72;43;28;13;7;6;34;46;6;1;25
V.Pospisil;70;56;30;11;25;3;53;30;12;4;33
V.Pospisil;63;83;37;25;26;2;66;27;7;2;61
V.Razzano;78;21;22;9;1;2;17;15;1;1;15
V.Troicki;71;55;29;16;15;2;40;26;10;2;38
V.Troicki;63;43;37;16;15;4;30;17;12;4;22
Vania King;82;17;18;6;0;;7;11;1;3;5
Vania King;74;27;26;11;;0;38;15;6;9;14
Vania King;69;20;31;5;1;2;12;28;1;2;5
Varvara Lepchenko;63;34;37;10;1;4;23;47;2;2;9
Varvara Lepchenko;65;23;35;8;5;3;12;15;6;10;4
Varvara Lepchenko;61;23;39;12;1;5;32;31;5;11;13
Varvara Lepchenko;64;42;36;15;3;5;32;52;3;9;11
Varvara Lepchenko;81;54;19;6;1;4;46;45;3;8;14
Vasek Pospisil;67;45;33;13;6;4;31;17;4;10;6
Vasek Pospisil;60;59;40;31;13;3;46;47;4;5;25
Vasek Pospisil;56;67;44;34;21;7;58;53;1;4;21
Vasek Pospisil;48;66;52;46;21;15;;;7;18;
Venus Williams;55;36;45;18;5;8;50;56;5;14;20
Venus Williams;65;38;35;13;;6;58;66;10;15;30
Vera Zvonareva;65;22;35;9;2;4;14;43;0;1;5
Vesna Dolonc;65;33;35;10;7;4;7;4;5;10;
Vesna Dolonc;54;17;46;6;2;8;9;20;0;1;3
Vesna Dolonc;76;35;24;6;0;3;20;25;0;4;14
Victor Hanescu;66;60;34;23;9;4;24;34;2;6;10
Victor Hanescu;67;55;33;22;6;1;23;23;0;5;7
Victor Hanescu;71;51;29;19;5;3;27;22;3;5;14
Victor Hanescu;67;33;33;9;6;0;24;10;3;5;5
Victor Hanescu;73;31;27;8;1;5;21;24;1;14;9
Victor Hanescu;67;72;33;29;5;1;;;3;13;
Victoria Azarenka;60;26;40;19;0;5;33;47;2;5;20
Victoria Azarenka;69;32;31;10;3;7;20;20;3;14;13
Victoria Azarenka;75;41;25;4;0;7;27;32;5;5;15
Victoria Azarenka;85;34;15;6;0;1;15;18;5;11;10
Victoria Azarenka;74;20;26;5;;2;20;13;7;14;14
Victoria Azarenka;72;28;28;8;3;0;15;22;5;10;8
Victoria Azarenka;88;28;12;3;1;1;19;14;7;12;10
Victoria Azarenka;78;32;22;4;0;2;25;18;5;11;13
Victoria Azarenka;63;24;37;7;1;6;26;26;6;11;14
Victoria Azarenka;69;40;31;11;0;10;41;31;9;20;23
Victoria Azarenka;70;31;30;6;4;1;21;13;4;8;8
Viktor Troicki;62;34;38;15;5;1;20;27;0;3;19
Viktor Troicki;65;61;35;20;7;4;32;36;4;10;13
Viktor Troicki;56;61;44;35;14;2;57;56;10;23;20
Viktor Troicki;48;29;52;20;12;4;33;12;7;11;14
Vincent Millot;57;63;43;34;18;9;54;68;11;26;8
Vincent Millot;55;25;45;20;2;7;22;55;3;4;12
Virginie Razzano;58;39;42;18;7;9;21;41;2;3;8
Virginie Razzano;75;32;25;6;2;1;27;42;3;9;13
Virginie Razzano;75;46;25;9;3;4;16;18;3;9;7
Virginie Razzano;72;42;28;14;0;3;35;41;7;17;15
Virginie Razzano;70;18;30;7;1;1;11;20;1;4;13
W.Odesnik;70;73;30;28;6;2;52;60;12;8;35
Wayne Odesnik;67;67;33;22;11;2;39;73;7;20;10
X.Malisse;63;48;37;24;7;1;23;34;2;1;27
Xavier Malisse;64;42;36;18;8;1;26;18;2;5;9
Xavier Malisse;46;41;54;36;14;5;;;4;9;
Y Duan;65;24;35;8;0;4;34;46;10;3;9
Y Meusburger;73;24;27;9;0;4;12;17;5;3;11
Y Shvedova;59;14;41;12;0;3;3;21;1;0;13
Y.Meusburger;64;7;36;6;0;0;13;18;5;1;17
Y.Putintseva;73;34;27;12;2;2;24;28;4;1;12
Y.Shvedova;59;19;41;11;0;4;14;34;12;5;10
Y.Wickmayer;69;40;31;13;1;3;31;37;6;4;17
Yanina Wickmayer;58;38;42;15;6;8;6;8;4;7;
Yanina Wickmayer;63;13;37;6;3;3;14;30;0;2;3
Yanina Wickmayer;59;39;41;22;1;8;34;66;4;10;9
Yaroslava Shvedova;58;22;42;10;3;13;14;43;4;6;3
Yaroslava Shvedova;64;30;36;14;0;5;23;22;7;12;10
Yaroslava Shvedova;74;26;26;7;0;3;18;38;5;8;9
Yen-Hsun Lu;62;33;38;11;9;5;9;5;9;19;
Yen-Hsun Lu;70;47;30;19;2;2;23;46;2;4;13
Yen-Hsun Lu;77;32;23;9;4;;20;12;4;11;4
Yen-Hsun Lu;67;49;33;19;4;4;;;3;9;
Yen-Hsun Lu;68;44;32;13;4;5;;;4;13;11
Y-H.Lu;66;49;34;13;1;5;29;27;3;0;39
Y-H.Lu;67;85;33;31;12;3;57;32;15;2;46
Ying-Ying Duan;60;24;40;16;1;1;1;1;1;5;
Y-T.Wang;69;69;31;22;9;2;50;59;25;9;52
Yulia Putintseva;64;11;36;5;;2;14;26;1;5;4
Yulia Putintseva;52;29;48;16;0;6;27;33;3;8;11
Yulia Putintseva;58;22;42;16;3;2;16;13;4;7;0
Yuliya Beygelzimer;59;24;41;13;0;1;17;22;0;1;10
Yung-Jan Chan;68;28;32;10;0;6;0;6;3;3;
Yvonne Meusburger;68;32;32;12;1;5;1;5;5;11;
Yvonne Meusburger;67;38;33;5;;5;18;34;8;15;9
Yvonne Meusburger;70;8;30;4;;5;5;18;1;2;3
Zarina Diyas;61;16;39;7;0;3;9;32;2;4;7
Zarina Diyas;74;33;26;6;1;4;1;4;5;6;
Zarina Diyas;70;27;30;10;1;1;27;15;5;5;2
Ze Zhang;58;44;42;25;7;6;20;48;1;5;10
Zuzana Kucova;72;36;28;10;1;5;22;42;3;10;5
Zuzana Kucova;76;41;24;13;0;2;13;18;5;9;5
